"pack_1/3/ohcah_cmgb_000003009_0.jpg","Pedro"
"pack_1/3/ohcah_cmgb_000003009_1.jpg","21"
"pack_1/3/ohcah_cmgb_000003009_2.jpg","1882"
"pack_1/3/ohcah_cmgb_000003009_3.jpg","D"
"pack_1/3/ohcah_cmgb_000003009_4.jpg","Eusebio"
"pack_1/3/ohcah_cmgb_000003009_5.jpg","Hernandez"
"pack_1/3/ohcah_cmgb_000003009_6.jpg","Estimado"
"pack_1/3/ohcah_cmgb_000003009_7.jpg","cariñoso"
"pack_1/3/ohcah_cmgb_000003009_8.jpg","Amo"
"pack_1/3/ohcah_cmgb_000003009_9.jpg","bajo"
"pack_1/3/ohcah_cmgb_000003009_10.jpg","la"
"pack_1/3/ohcah_cmgb_000003009_11.jpg","impresion"
"pack_1/3/ohcah_cmgb_000003009_12.jpg","mas"
"pack_1/3/ohcah_cmgb_000003009_13.jpg","dolorosa"
"pack_1/3/ohcah_cmgb_000003009_14.jpg","porla"
"pack_1/3/ohcah_cmgb_000003009_15.jpg","perdida"
"pack_1/3/ohcah_cmgb_000003009_16.jpg","de"
"pack_1/3/ohcah_cmgb_000003009_17.jpg","mi"
"pack_1/3/ohcah_cmgb_000003009_18.jpg","querido"
"pack_1/3/ohcah_cmgb_000003009_19.jpg","Andre"
"pack_1/3/ohcah_cmgb_000003009_20.jpg","cito"
"pack_1/3/ohcah_cmgb_000003009_21.jpg","he "
"pack_1/3/ohcah_cmgb_000003009_22.jpg","leido"
"pack_1/3/ohcah_cmgb_000003009_23.jpg","estimable ca"
"pack_1/3/ohcah_cmgb_000003009_24.jpg","caeta"
"pack_1/3/ohcah_cmgb_000003009_25.jpg","Ojala"
"pack_1/3/ohcah_cmgb_000003009_26.jpg","hubiera"
"pack_1/3/ohcah_cmgb_000003009_27.jpg","V estado"
"pack_1/3/ohcah_cmgb_000003009_28.jpg","aqui"
"pack_1/3/ohcah_cmgb_000003009_29.jpg","quiza"
"pack_1/3/ohcah_cmgb_000003009_30.jpg","Dios"
"pack_1/3/ohcah_cmgb_000003009_31.jpg","le"
"pack_1/3/ohcah_cmgb_000003009_32.jpg","hubiera"
"pack_1/3/ohcah_cmgb_000003009_33.jpg","ilumina"
"pack_1/3/ohcah_cmgb_000003009_34.jpg","mejor"
"pack_1/3/ohcah_cmgb_000003009_35.jpg","q"
"pack_1/3/ohcah_cmgb_000003009_36.jpg","ha "
"pack_1/3/ohcah_cmgb_000003009_37.jpg","Gutierrez"
"pack_1/3/ohcah_cmgb_000003009_38.jpg","Tehime"
"pack_1/3/ohcah_cmgb_000003009_39.jpg","cuyos"
"pack_1/3/ohcah_cmgb_000003009_40.jpg","dos"
"pack_1/3/ohcah_cmgb_000003009_41.jpg","docto"
"pack_1/3/ohcah_cmgb_000003009_42.jpg","res"
"pack_1/3/ohcah_cmgb_000003009_43.jpg","llame"
"pack_1/3/ohcah_cmgb_000003009_44.jpg","el"
"pack_1/3/ohcah_cmgb_000003009_45.jpg","acto"
"pack_1/3/ohcah_cmgb_000003009_46.jpg","del "
"pack_1/3/ohcah_cmgb_000003009_47.jpg","pri"
"pack_1/3/ohcah_cmgb_000003009_48.jpg","mer"
"pack_1/3/ohcah_cmgb_000003009_49.jpg","ataque"
"pack_1/3/ohcah_cmgb_000003009_50.jpg","convulsivo"
"pack_1/3/ohcah_cmgb_000003009_51.jpg","To"
"pack_1/3/ohcah_cmgb_000003009_52.jpg","do"
"pack_1/3/ohcah_cmgb_000003009_53.jpg","fue "
"pack_1/3/ohcah_cmgb_000003009_54.jpg","inutil"
"pack_1/3/ohcah_cmgb_000003009_55.jpg","las"
"pack_1/3/ohcah_cmgb_000003009_56.jpg","m"
"pack_1/3/ohcah_cmgb_000003009_57.jpg","fue "
"pack_1/3/ohcah_cmgb_000003009_58.jpg","el"
"pack_1/3/ohcah_cmgb_000003009_59.jpg","primer"
"pack_1/3/ohcah_cmgb_000003009_60.jpg","acceso"
"pack_1/3/ohcah_cmgb_000003009_61.jpg","el"
"pack_1/3/ohcah_cmgb_000003009_62.jpg","11"
"pack_1/3/ohcah_cmgb_000003009_63.jpg","las"
"pack_1/3/ohcah_cmgb_000003009_64.jpg","a"
"pack_1/3/ohcah_cmgb_000003009_65.jpg","espiro"
"pack_1/3/ohcah_cmgb_000003009_66.jpg","y"
"pack_1/3/ohcah_cmgb_000003009_67.jpg","Cuanto"
"pack_1/3/ohcah_cmgb_000003009_68.jpg","siento"
"pack_1/3/ohcah_cmgb_000003009_69.jpg","su"
"pack_1/3/ohcah_cmgb_000003009_70.jpg","deter "
"pack_1/3/ohcah_cmgb_000003009_71.jpg","minacion "
"pack_1/3/ohcah_cmgb_000003009_72.jpg","de"
"pack_1/3/ohcah_cmgb_000003009_73.jpg","abandonar"
"pack_1/3/ohcah_cmgb_000003009_74.jpg","este"
"pack_1/3/ohcah_cmgb_000003009_75.jpg","pais"
"pack_1/3/ohcah_cmgb_000003009_76.jpg","espero"
"pack_1/3/ohcah_cmgb_000003009_77.jpg","que"
"pack_1/3/ohcah_cmgb_000003009_78.jpg","cumpla"
"pack_1/3/ohcah_cmgb_000003009_79.jpg","lo"
"pack_1/3/ohcah_cmgb_000003009_80.jpg","me"
"pack_1/3/ohcah_cmgb_000003009_81.jpg","ofrece"
"pack_1/3/ohcah_cmgb_000003009_82.jpg","escri"
"pack_1/3/ohcah_cmgb_000003010_0.jpg","birme"
"pack_1/3/ohcah_cmgb_000003010_1.jpg","V"
"pack_1/3/ohcah_cmgb_000003010_2.jpg","pasifico"
"pack_1/3/ohcah_cmgb_000003010_3.jpg","lo"
"pack_1/3/ohcah_cmgb_000003010_4.jpg","pase"
"pack_1/3/ohcah_cmgb_000003010_5.jpg","llana "
"pack_1/3/ohcah_cmgb_000003010_6.jpg","cuente"
"pack_1/3/ohcah_cmgb_000003010_7.jpg","bien"
"pack_1/3/ohcah_cmgb_000003010_8.jpg","aprecio"
"pack_1/3/ohcah_cmgb_000003010_9.jpg","M"
"pack_1/4/ohcah_cmgb_000003015_0.jpg","D"
"pack_1/4/ohcah_cmgb_000003015_1.jpg","Eusebio"
"pack_1/4/ohcah_cmgb_000003015_2.jpg","Estimado"
"pack_1/4/ohcah_cmgb_000003015_3.jpg","Amigo"
"pack_1/4/ohcah_cmgb_000003015_4.jpg","cuales"
"pack_1/4/ohcah_cmgb_000003015_5.jpg","son"
"pack_1/4/ohcah_cmgb_000003015_6.jpg","las"
"pack_1/4/ohcah_cmgb_000003015_7.jpg","señales"
"pack_1/4/ohcah_cmgb_000003015_8.jpg","los"
"pack_1/4/ohcah_cmgb_000003015_9.jpg","tiempos"
"pack_1/4/ohcah_cmgb_000003015_10.jpg","desde"
"pack_1/4/ohcah_cmgb_000003015_11.jpg","punto"
"pack_1/4/ohcah_cmgb_000003015_12.jpg","vista"
"pack_1/4/ohcah_cmgb_000003015_13.jpg","que"
"pack_1/4/ohcah_cmgb_000003015_14.jpg","ocupa ?"
"pack_1/4/ohcah_cmgb_000003015_15.jpg","Desde"
"pack_1/4/ohcah_cmgb_000003015_16.jpg","el"
"pack_1/4/ohcah_cmgb_000003015_17.jpg","veo"
"pack_1/4/ohcah_cmgb_000003015_18.jpg","si"
"pack_1/4/ohcah_cmgb_000003015_19.jpg","sera"
"pack_1/4/ohcah_cmgb_000003015_20.jpg","porque"
"pack_1/4/ohcah_cmgb_000003015_21.jpg","el"
"pack_1/4/ohcah_cmgb_000003015_22.jpg","orisonte"
"pack_1/4/ohcah_cmgb_000003015_23.jpg","miope"
"pack_1/4/ohcah_cmgb_000003015_24.jpg","cargado"
"pack_1/4/ohcah_cmgb_000003015_25.jpg","neblinas"
"pack_1/4/ohcah_cmgb_000003015_26.jpg","como"
"pack_1/4/ohcah_cmgb_000003015_27.jpg","le"
"pack_1/4/ohcah_cmgb_000003015_28.jpg","suce"
"pack_1/4/ohcah_cmgb_000003015_29.jpg","mañana"
"pack_1/4/ohcah_cmgb_000003015_30.jpg","una"
"pack_1/4/ohcah_cmgb_000003015_31.jpg","era"
"pack_1/4/ohcah_cmgb_000003015_32.jpg","la"
"pack_1/4/ohcah_cmgb_000003015_33.jpg","manera"
"pack_1/4/ohcah_cmgb_000003015_34.jpg","de "
"pack_1/4/ohcah_cmgb_000003015_35.jpg","las "
"pack_1/4/ohcah_cmgb_000003015_36.jpg","mañanas"
"pack_1/4/ohcah_cmgb_000003015_37.jpg","inv"
"pack_1/4/ohcah_cmgb_000003015_38.jpg","ierno"
"pack_1/4/ohcah_cmgb_000003015_39.jpg","Con"
"pack_1/4/ohcah_cmgb_000003015_40.jpg","cita"
"pack_1/4/ohcah_cmgb_000003015_41.jpg","carta"
"pack_1/4/ohcah_cmgb_000003015_42.jpg","le"
"pack_1/4/ohcah_cmgb_000003015_43.jpg","va"
"pack_1/4/ohcah_cmgb_000003015_44.jpg","una"
"pack_1/4/ohcah_cmgb_000003015_45.jpg","le "
"pack_1/4/ohcah_cmgb_000003015_46.jpg","sea"
"pack_1/4/ohcah_cmgb_000003015_47.jpg","grata"
"pack_1/4/ohcah_cmgb_000003015_48.jpg","porque"
"pack_1/4/ohcah_cmgb_000003015_49.jpg","jeringa"
"pack_1/4/ohcah_cmgb_000003015_50.jpg","la"
"pack_1/4/ohcah_cmgb_000003015_51.jpg","hecha"
"pack_1/4/ohcah_cmgb_000003015_52.jpg","su"
"pack_1/4/ohcah_cmgb_000003015_53.jpg","hermano"
"pack_1/4/ohcah_cmgb_000003015_54.jpg","en"
"pack_1/4/ohcah_cmgb_000003015_55.jpg","la"
"pack_1/4/ohcah_cmgb_000003015_56.jpg","patria"
"pack_1/4/ohcah_cmgb_000003015_57.jpg","si"
"pack_1/4/ohcah_cmgb_000003015_58.jpg","grato"
"pack_1/4/ohcah_cmgb_000003015_59.jpg","puede"
"pack_1/4/ohcah_cmgb_000003015_60.jpg","una"
"pack_1/4/ohcah_cmgb_000003015_61.jpg","jeringa"
"pack_1/4/ohcah_cmgb_000003015_62.jpg","Es"
"pack_1/4/ohcah_cmgb_000003015_63.jpg","adjunto"
"pack_1/4/ohcah_cmgb_000003015_64.jpg","para"
"pack_1/4/ohcah_cmgb_000003015_65.jpg","si"
"pack_1/4/ohcah_cmgb_000003015_66.jpg","fotografo"
"pack_1/4/ohcah_cmgb_000003015_67.jpg","aun"
"pack_1/4/ohcah_cmgb_000003015_68.jpg","ahi"
"pack_1/4/ohcah_cmgb_000003015_69.jpg","se"
"pack_1/4/ohcah_cmgb_000003015_70.jpg","haga"
"pack_1/4/ohcah_cmgb_000003015_71.jpg","sacan"
"pack_1/4/ohcah_cmgb_000003015_72.jpg","media"
"pack_1/4/ohcah_cmgb_000003015_73.jpg","dosena"
"pack_1/4/ohcah_cmgb_000003015_74.jpg","de"
"pack_1/4/ohcah_cmgb_000003015_75.jpg","mas"
"pack_1/4/ohcah_cmgb_000003015_76.jpg","bello"
"pack_1/4/ohcah_cmgb_000003015_77.jpg","que"
"pack_1/4/ohcah_cmgb_000003015_78.jpg","se"
"pack_1/4/ohcah_cmgb_000003015_79.jpg","Necito"
"pack_1/4/ohcah_cmgb_000003015_80.jpg","una"
"pack_1/4/ohcah_cmgb_000003015_81.jpg","si"
"pack_1/4/ohcah_cmgb_000003015_82.jpg","se"
"pack_1/4/ohcah_cmgb_000003015_83.jpg","puede"
"pack_1/4/ohcah_cmgb_000003015_84.jpg","iluminada"
"pack_1/4/ohcah_cmgb_000003015_85.jpg","lo"
"pack_1/4/ohcah_cmgb_000003015_86.jpg","mas"
"pack_1/4/ohcah_cmgb_000003015_87.jpg","hermosa"
"pack_1/4/ohcah_cmgb_000003015_88.jpg","que"
"pack_1/4/ohcah_cmgb_000003015_89.jpg","tambien"
"pack_1/4/ohcah_cmgb_000003015_90.jpg","se"
"pack_1/4/ohcah_cmgb_000003015_91.jpg","pueda"
"pack_1/4/ohcah_cmgb_000003015_92.jpg","Sera"
"pack_1/4/ohcah_cmgb_000003015_93.jpg","bueno"
"pack_1/4/ohcah_cmgb_000003015_94.jpg","que"
"pack_1/4/ohcah_cmgb_000003015_95.jpg","vea"
"pack_1/4/ohcah_cmgb_000003015_96.jpg","si"
"pack_1/4/ohcah_cmgb_000003015_97.jpg","se"
"pack_1/4/ohcah_cmgb_000003015_98.jpg","en"
"pack_1/4/ohcah_cmgb_000003015_99.jpg","cuentra"
"pack_1/4/ohcah_cmgb_000003015_100.jpg","pendoleita"
"pack_1/4/ohcah_cmgb_000003015_101.jpg","que"
"pack_1/4/ohcah_cmgb_000003015_102.jpg","con"
"pack_1/4/ohcah_cmgb_000003015_103.jpg","curiosi"
"pack_1/4/ohcah_cmgb_000003015_104.jpg","dad"
"pack_1/4/ohcah_cmgb_000003015_105.jpg","aclare"
"pack_1/4/ohcah_cmgb_000003015_106.jpg","bien"
"pack_1/4/ohcah_cmgb_000003015_107.jpg","todos"
"pack_1/4/ohcah_cmgb_000003015_108.jpg","rolutos"
"pack_1/4/ohcah_cmgb_000003015_109.jpg","leyendas"
"pack_1/4/ohcah_cmgb_000003015_110.jpg","del "
"pack_1/4/ohcah_cmgb_000003015_111.jpg","cuadro"
"pack_1/4/ohcah_cmgb_000003015_112.jpg","Enfri"
"pack_1/4/ohcah_cmgb_000003015_113.jpg","yo"
"pack_1/4/ohcah_cmgb_000003015_114.jpg","se"
"pack_1/4/ohcah_cmgb_000003015_115.jpg","hombre"
"pack_1/4/ohcah_cmgb_000003015_116.jpg","ve"
"pack_1/4/ohcah_cmgb_000003015_117.jpg","piensa"
"pack_1/4/ohcah_cmgb_000003015_118.jpg","siente"
"pack_1/4/ohcah_cmgb_000003015_119.jpg","que"
"pack_1/4/ohcah_cmgb_000003015_120.jpg","pasa  "
"pack_1/4/ohcah_cmgb_000003015_121.jpg","que"
"pack_1/4/ohcah_cmgb_000003015_122.jpg","pues"
"pack_1/4/ohcah_cmgb_000003015_123.jpg","hablarle"
"pack_1/4/ohcah_cmgb_000003015_124.jpg","mas"
"pack_1/4/ohcah_cmgb_000003015_125.jpg","de"
"pack_1/4/ohcah_cmgb_000003015_126.jpg","tan"
"pack_1/4/ohcah_cmgb_000003016_0.jpg","un"
"pack_1/4/ohcah_cmgb_000003016_1.jpg","cariñoso"
"pack_1/4/ohcah_cmgb_000003016_2.jpg","saludo"
"pack_1/4/ohcah_cmgb_000003016_3.jpg","mis"
"pack_1/4/ohcah_cmgb_000003016_4.jpg","chiquitos"
"pack_1/4/ohcah_cmgb_000003016_5.jpg","formamos"
"pack_1/4/ohcah_cmgb_000003016_6.jpg","en"
"pack_1/4/ohcah_cmgb_000003016_7.jpg","linea"
"pack_1/4/ohcah_cmgb_000003016_8.jpg","de"
"pack_1/4/ohcah_cmgb_000003016_9.jpg","batalla"
"pack_1/4/ohcah_cmgb_000003016_10.jpg","V"
"pack_1/4/ohcah_cmgb_000003016_11.jpg","con"
"pack_1/4/ohcah_cmgb_000003016_12.jpg","sincero"
"pack_1/4/ohcah_cmgb_000003016_13.jpg","afmo"
"pack_1/4/ohcah_cmgb_000003016_14.jpg","Amigos"
"pack_1/4/ohcah_cmgb_000003016_15.jpg","M"
"pack_1/5/ohcah_cmgb_000003021_0.jpg","Pedro"
"pack_1/5/ohcah_cmgb_000003021_1.jpg","Julio"
"pack_1/5/ohcah_cmgb_000003021_2.jpg","Dr"
"pack_1/5/ohcah_cmgb_000003021_3.jpg","D"
"pack_1/5/ohcah_cmgb_000003021_4.jpg","Eusebio"
"pack_1/5/ohcah_cmgb_000003021_5.jpg","Hernandez"
"pack_1/5/ohcah_cmgb_000003021_6.jpg","Estimado"
"pack_1/5/ohcah_cmgb_000003021_7.jpg","Amo"
"pack_1/5/ohcah_cmgb_000003021_8.jpg","mucho"
"pack_1/5/ohcah_cmgb_000003021_9.jpg","mucho"
"pack_1/5/ohcah_cmgb_000003021_10.jpg","he"
"pack_1/5/ohcah_cmgb_000003021_11.jpg","sentido"
"pack_1/5/ohcah_cmgb_000003021_12.jpg","no"
"pack_1/5/ohcah_cmgb_000003021_13.jpg","haber"
"pack_1/5/ohcah_cmgb_000003021_14.jpg","leido"
"pack_1/5/ohcah_cmgb_000003021_15.jpg","la"
"pack_1/5/ohcah_cmgb_000003021_16.jpg","interesan"
"pack_1/5/ohcah_cmgb_000003021_17.jpg","te"
"pack_1/5/ohcah_cmgb_000003021_18.jpg","carta"
"pack_1/5/ohcah_cmgb_000003021_19.jpg","de"
"pack_1/5/ohcah_cmgb_000003021_20.jpg","V"
"pack_1/5/ohcah_cmgb_000003021_21.jpg","hasta"
"pack_1/5/ohcah_cmgb_000003021_22.jpg","hoy"
"pack_1/5/ohcah_cmgb_000003021_23.jpg","Estaba"
"pack_1/5/ohcah_cmgb_000003021_24.jpg","ausente"
"pack_1/5/ohcah_cmgb_000003021_25.jpg","Maceo"
"pack_1/5/ohcah_cmgb_000003021_26.jpg","la"
"pack_1/5/ohcah_cmgb_000003021_27.jpg","habra"
"pack_1/5/ohcah_cmgb_000003021_28.jpg","retenido"
"pack_1/5/ohcah_cmgb_000003021_29.jpg","en"
"pack_1/5/ohcah_cmgb_000003021_30.jpg","su"
"pack_1/5/ohcah_cmgb_000003021_31.jpg","poder"
"pack_1/5/ohcah_cmgb_000003021_32.jpg","Sin"
"pack_1/5/ohcah_cmgb_000003021_33.jpg","duda"
"pack_1/5/ohcah_cmgb_000003021_34.jpg","hubiera"
"pack_1/5/ohcah_cmgb_000003021_35.jpg","yo"
"pack_1/5/ohcah_cmgb_000003021_36.jpg","devuelto"
"pack_1/5/ohcah_cmgb_000003021_37.jpg","los"
"pack_1/5/ohcah_cmgb_000003021_38.jpg","Billetes"
"pack_1/5/ohcah_cmgb_000003021_39.jpg","lo "
"pack_1/5/ohcah_cmgb_000003021_40.jpg","que"
"pack_1/5/ohcah_cmgb_000003021_41.jpg","no"
"pack_1/5/ohcah_cmgb_000003021_42.jpg","puedo"
"pack_1/5/ohcah_cmgb_000003021_43.jpg","hacer"
"pack_1/5/ohcah_cmgb_000003021_44.jpg","ahora"
"pack_1/5/ohcah_cmgb_000003021_45.jpg","pero"
"pack_1/5/ohcah_cmgb_000003021_46.jpg","vere"
"pack_1/5/ohcah_cmgb_000003021_47.jpg","como"
"pack_1/5/ohcah_cmgb_000003021_48.jpg","pue"
"pack_1/5/ohcah_cmgb_000003021_49.jpg","do"
"pack_1/5/ohcah_cmgb_000003021_50.jpg","Muglar"
"pack_1/5/ohcah_cmgb_000003021_51.jpg","ese"
"pack_1/5/ohcah_cmgb_000003021_52.jpg","negocio"
"pack_1/5/ohcah_cmgb_000003021_53.jpg","me"
"pack_1/5/ohcah_cmgb_000003021_54.jpg","mor"
"pack_1/5/ohcah_cmgb_000003021_55.jpg","que"
"pack_1/5/ohcah_cmgb_000003021_56.jpg","tifica"
"pack_1/5/ohcah_cmgb_000003021_57.jpg","bastante"
"pack_1/5/ohcah_cmgb_000003021_58.jpg","Soto"
"pack_1/5/ohcah_cmgb_000003021_59.jpg","por"
"pack_1/5/ohcah_cmgb_000003021_60.jpg","un"
"pack_1/5/ohcah_cmgb_000003021_61.jpg","lado"
"pack_1/5/ohcah_cmgb_000003021_62.jpg","c"
"pack_1/5/ohcah_cmgb_000003021_63.jpg","Bogran"
"pack_1/5/ohcah_cmgb_000003021_64.jpg","por"
"pack_1/5/ohcah_cmgb_000003021_65.jpg","otro"
"pack_1/5/ohcah_cmgb_000003021_66.jpg","ambos"
"pack_1/5/ohcah_cmgb_000003021_67.jpg","han"
"pack_1/5/ohcah_cmgb_000003021_68.jpg","faltado"
"pack_1/5/ohcah_cmgb_000003021_69.jpg","El"
"pack_1/5/ohcah_cmgb_000003021_70.jpg","primero"
"pack_1/5/ohcah_cmgb_000003021_71.jpg","entro"
"pack_1/5/ohcah_cmgb_000003021_72.jpg","con"
"pack_1/5/ohcah_cmgb_000003021_73.jpg","migo"
"pack_1/5/ohcah_cmgb_000003021_74.jpg","en"
"pack_1/5/ohcah_cmgb_000003021_75.jpg","sociedad"
"pack_1/5/ohcah_cmgb_000003021_76.jpg","socio"
"pack_1/5/ohcah_cmgb_000003021_77.jpg","capitalista"
"pack_1/5/ohcah_cmgb_000003021_78.jpg","industrial"
"pack_1/5/ohcah_cmgb_000003021_79.jpg","para"
"pack_1/5/ohcah_cmgb_000003021_80.jpg","hacer"
"pack_1/5/ohcah_cmgb_000003021_81.jpg","aqui"
"pack_1/5/ohcah_cmgb_000003021_82.jpg","una"
"pack_1/5/ohcah_cmgb_000003021_83.jpg","finquita"
"pack_1/5/ohcah_cmgb_000003021_84.jpg","con "
"pack_1/5/ohcah_cmgb_000003021_85.jpg","3000"
"pack_1/5/ohcah_cmgb_000003021_86.jpg","fs"
"pack_1/5/ohcah_cmgb_000003021_87.jpg","capital"
"pack_1/5/ohcah_cmgb_000003021_88.jpg","pero"
"pack_1/5/ohcah_cmgb_000003021_89.jpg","como"
"pack_1/5/ohcah_cmgb_000003021_90.jpg","deban"
"pack_1/5/ohcah_cmgb_000003021_91.jpg","ser"
"pack_1/5/ohcah_cmgb_000003021_92.jpg","en"
"pack_1/5/ohcah_cmgb_000003021_93.jpg","Billetes"
"pack_1/5/ohcah_cmgb_000003021_94.jpg","con"
"pack_1/5/ohcah_cmgb_000003021_95.jpg","descuento"
"pack_1/5/ohcah_cmgb_000003021_96.jpg","de"
"pack_1/5/ohcah_cmgb_000003021_97.jpg","2000"
"pack_1/5/ohcah_cmgb_000003021_98.jpg","la"
"pack_1/5/ohcah_cmgb_000003021_99.jpg","suma"
"pack_1/5/ohcah_cmgb_000003021_100.jpg","se"
"pack_1/5/ohcah_cmgb_000003021_101.jpg","fijo"
"pack_1/5/ohcah_cmgb_000003021_102.jpg","en "
"pack_1/5/ohcah_cmgb_000003021_103.jpg","3000"
"pack_1/5/ohcah_cmgb_000003021_104.jpg","mismo"
"pack_1/5/ohcah_cmgb_000003021_105.jpg","tiempo"
"pack_1/5/ohcah_cmgb_000003021_106.jpg","que"
"pack_1/5/ohcah_cmgb_000003021_107.jpg","Bogran"
"pack_1/5/ohcah_cmgb_000003021_108.jpg","fue"
"pack_1/5/ohcah_cmgb_000003021_109.jpg","el"
"pack_1/5/ohcah_cmgb_000003021_110.jpg","encargado"
"pack_1/5/ohcah_cmgb_000003021_111.jpg","de"
"pack_1/5/ohcah_cmgb_000003021_112.jpg","colocar"
"pack_1/5/ohcah_cmgb_000003021_113.jpg","aqui"
"pack_1/5/ohcah_cmgb_000003021_114.jpg","los"
"pack_1/5/ohcah_cmgb_000003021_115.jpg","tales"
"pack_1/5/ohcah_cmgb_000003021_116.jpg","Billetes"
"pack_1/5/ohcah_cmgb_000003021_117.jpg","pues  "
"pack_1/5/ohcah_cmgb_000003022_0.jpg","facil"
"pack_1/5/ohcah_cmgb_000003022_1.jpg","negocia"
"pack_1/5/ohcah_cmgb_000003022_2.jpg","retire"
"pack_1/5/ohcah_cmgb_000003022_3.jpg","Capital "
"pack_1/5/ohcah_cmgb_000003022_4.jpg","Presidente"
"pack_1/5/ohcah_cmgb_000003022_5.jpg","recibo"
"pack_1/5/ohcah_cmgb_000003022_6.jpg","tambien"
"pack_1/5/ohcah_cmgb_000003022_7.jpg","hablan"
"pack_1/5/ohcah_cmgb_000003022_8.jpg","propia"
"pack_1/5/ohcah_cmgb_000003022_9.jpg","asunto"
"pack_1/5/ohcah_cmgb_000003022_10.jpg","habia"
"pack_1/5/ohcah_cmgb_000003022_11.jpg","hecho"
"pack_1/5/ohcah_cmgb_000003022_12.jpg","Gilbal"
"pack_1/5/ohcah_cmgb_000003022_13.jpg","marcha"
"pack_1/5/ohcah_cmgb_000003022_14.jpg","aqui"
"pack_1/5/ohcah_cmgb_000003022_15.jpg","Billetes"
"pack_1/5/ohcah_cmgb_000003022_16.jpg","ultima"
"pack_1/5/ohcah_cmgb_000003022_17.jpg","resolu"
"pack_1/5/ohcah_cmgb_000003022_18.jpg","cion"
"pack_1/5/ohcah_cmgb_000003022_19.jpg","afuera"
"pack_1/5/ohcah_cmgb_000003022_20.jpg","ten"
"pack_1/5/ohcah_cmgb_000003022_21.jpg","go"
"pack_1/5/ohcah_cmgb_000003022_22.jpg","que"
"pack_1/5/ohcah_cmgb_000003022_23.jpg","gestionar"
"pack_1/5/ohcah_cmgb_000003022_24.jpg","entonces"
"pack_1/5/ohcah_cmgb_000003022_25.jpg","vengo"
"pack_1/5/ohcah_cmgb_000003022_26.jpg","saber"
"pack_1/5/ohcah_cmgb_000003022_27.jpg","Bogran"
"pack_1/5/ohcah_cmgb_000003022_28.jpg","habia"
"pack_1/5/ohcah_cmgb_000003022_29.jpg","abarrota"
"pack_1/5/ohcah_cmgb_000003022_30.jpg","do"
"pack_1/5/ohcah_cmgb_000003022_31.jpg","la"
"pack_1/5/ohcah_cmgb_000003022_32.jpg","Billetes"
"pack_1/5/ohcah_cmgb_000003022_33.jpg","me"
"pack_1/5/ohcah_cmgb_000003022_34.jpg","posible"
"pack_1/5/ohcah_cmgb_000003022_35.jpg","colocan"
"pack_1/5/ohcah_cmgb_000003022_36.jpg","los"
"pack_1/5/ohcah_cmgb_000003022_37.jpg","mios"
"pack_1/5/ohcah_cmgb_000003022_38.jpg","Hasta"
"pack_1/5/ohcah_cmgb_000003022_39.jpg","ahora"
"pack_1/5/ohcah_cmgb_000003022_40.jpg","hoy"
"pack_1/5/ohcah_cmgb_000003022_41.jpg","mismo"
"pack_1/5/ohcah_cmgb_000003022_42.jpg","por"
"pack_1/5/ohcah_cmgb_000003022_43.jpg","que"
"pack_1/5/ohcah_cmgb_000003022_44.jpg","Maceo"
"pack_1/5/ohcah_cmgb_000003022_45.jpg","se"
"pack_1/5/ohcah_cmgb_000003022_46.jpg","tomo"
"pack_1/5/ohcah_cmgb_000003022_47.jpg","el "
"pack_1/5/ohcah_cmgb_000003022_48.jpg","asunto"
"pack_1/5/ohcah_cmgb_000003022_49.jpg","como"
"pack_1/5/ohcah_cmgb_000003022_50.jpg","suyo"
"pack_1/5/ohcah_cmgb_000003022_51.jpg","se"
"pack_1/5/ohcah_cmgb_000003022_52.jpg","han"
"pack_1/5/ohcah_cmgb_000003022_53.jpg","podido"
"pack_1/5/ohcah_cmgb_000003022_54.jpg","colocar"
"pack_1/5/ohcah_cmgb_000003022_55.jpg","algunos"
"pack_1/5/ohcah_cmgb_000003022_56.jpg","a"
"pack_1/5/ohcah_cmgb_000003022_57.jpg","Esta"
"pack_1/5/ohcah_cmgb_000003022_58.jpg","es"
"pack_1/5/ohcah_cmgb_000003022_59.jpg","la"
"pack_1/5/ohcah_cmgb_000003022_60.jpg","historia"
"pack_1/5/ohcah_cmgb_000003022_61.jpg","de"
"pack_1/5/ohcah_cmgb_000003022_62.jpg","las"
"pack_1/5/ohcah_cmgb_000003022_63.jpg","Billetes"
"pack_1/5/ohcah_cmgb_000003022_64.jpg","en"
"pack_1/5/ohcah_cmgb_000003022_65.jpg","mal"
"pack_1/5/ohcah_cmgb_000003022_66.jpg","hora"
"pack_1/5/ohcah_cmgb_000003022_67.jpg","princi"
"pack_1/5/ohcah_cmgb_000003022_68.jpg","piada"
"pack_1/5/ohcah_cmgb_000003022_69.jpg","en"
"pack_1/5/ohcah_cmgb_000003022_70.jpg","momentos"
"pack_1/5/ohcah_cmgb_000003022_71.jpg","me"
"pack_1/5/ohcah_cmgb_000003022_72.jpg","fui"
"pack_1/5/ohcah_cmgb_000003022_73.jpg","despedir"
"pack_1/5/ohcah_cmgb_000003022_74.jpg","del "
"pack_1/5/ohcah_cmgb_000003022_75.jpg","Presidente"
"pack_1/5/ohcah_cmgb_000003022_76.jpg","con"
"pack_1/5/ohcah_cmgb_000003023_0.jpg","la"
"pack_1/5/ohcah_cmgb_000003023_1.jpg","Republica"
"pack_1/5/ohcah_cmgb_000003023_2.jpg","parecer"
"pack_1/5/ohcah_cmgb_000003023_3.jpg","un "
"pack_1/5/ohcah_cmgb_000003023_4.jpg","no"
"pack_1/5/ohcah_cmgb_000003023_5.jpg","aceptan"
"pack_1/5/ohcah_cmgb_000003023_6.jpg","abandonan"
"pack_1/5/ohcah_cmgb_000003023_7.jpg","Honduras"
"pack_1/5/ohcah_cmgb_000003023_8.jpg","me"
"pack_1/5/ohcah_cmgb_000003023_9.jpg","ha"
"pack_1/5/ohcah_cmgb_000003023_10.jpg","sido"
"pack_1/5/ohcah_cmgb_000003023_11.jpg","hospitalaria"
"pack_1/5/ohcah_cmgb_000003023_12.jpg","perse"
"pack_1/5/ohcah_cmgb_000003023_13.jpg","guido"
"pack_1/5/ohcah_cmgb_000003023_14.jpg","favorita"
"pack_1/5/ohcah_cmgb_000003023_15.jpg","fatalidad"
"pack_1/5/ohcah_cmgb_000003023_16.jpg","proceder"
"pack_1/5/ohcah_cmgb_000003023_17.jpg","con"
"pack_1/5/ohcah_cmgb_000003023_17.jpg","mas"
"pack_1/5/ohcah_cmgb_000003023_18.jpg","cadeza"
"pack_1/5/ohcah_cmgb_000003023_19.jpg","me"
"pack_1/5/ohcah_cmgb_000003023_20.jpg","Castiga"
"pack_1/5/ohcah_cmgb_000003023_21.jpg","con"
"pack_1/5/ohcah_cmgb_000003023_22.jpg","algunas"
"pack_1/5/ohcah_cmgb_000003023_23.jpg","amarguisima"
"pack_1/5/ohcah_cmgb_000003023_24.jpg","desepcion"
"pack_1/5/ohcah_cmgb_000003023_25.jpg","Amigo"
"pack_1/5/ohcah_cmgb_000003023_26.jpg","en"
"pack_1/5/ohcah_cmgb_000003023_27.jpg","estos"
"pack_1/5/ohcah_cmgb_000003023_28.jpg","momentos"
"pack_1/5/ohcah_cmgb_000003023_29.jpg","encontrar"
"pack_1/5/ohcah_cmgb_000003023_30.jpg","usurero"
"pack_1/5/ohcah_cmgb_000003023_31.jpg","especulador"
"pack_1/5/ohcah_cmgb_000003023_32.jpg","que"
"pack_1/5/ohcah_cmgb_000003023_34.jpg","mprase"
"pack_1/5/ohcah_cmgb_000003023_35.jpg","algunos"
"pack_1/5/ohcah_cmgb_000003023_36.jpg","años"
"pack_1/5/ohcah_cmgb_000003023_37.jpg","de"
"pack_1/5/ohcah_cmgb_000003023_38.jpg","trabajo"
"pack_1/5/ohcah_cmgb_000003023_39.jpg","dando"
"pack_1/5/ohcah_cmgb_000003023_40.jpg","un"
"pack_1/5/ohcah_cmgb_000003023_41.jpg","pedaso"
"pack_1/5/ohcah_cmgb_000003023_42.jpg","de"
"pack_1/5/ohcah_cmgb_000003023_43.jpg","pan"
"pack_1/5/ohcah_cmgb_000003023_44.jpg","hijos"
"pack_1/5/ohcah_cmgb_000003023_45.jpg","que "
"pack_1/5/ohcah_cmgb_000003023_46.jpg","solventa"
"pack_1/5/ohcah_cmgb_000003023_47.jpg","ra"
"pack_1/5/ohcah_cmgb_000003023_48.jpg","esa"
"pack_1/5/ohcah_cmgb_000003023_49.jpg","deuda"
"pack_1/5/ohcah_cmgb_000003023_50.jpg","usurero"
"pack_1/5/ohcah_cmgb_000003023_51.jpg","me"
"pack_1/5/ohcah_cmgb_000003023_52.jpg","venderia"
"pack_1/5/ohcah_cmgb_000003023_53.jpg","con"
"pack_1/5/ohcah_cmgb_000003023_54.jpg","gusto"
"pack_1/5/ohcah_cmgb_000003023_55.jpg","se"
"pack_1/5/ohcah_cmgb_000003023_56.jpg","oiga"
"pack_1/5/ohcah_cmgb_000003023_57.jpg","que"
"pack_1/5/ohcah_cmgb_000003023_58.jpg","me"
"pack_1/5/ohcah_cmgb_000003023_59.jpg","pesa"
"pack_1/5/ohcah_cmgb_000003023_60.jpg","haber"
"pack_1/5/ohcah_cmgb_000003023_61.jpg","dejado"
"pack_1/5/ohcah_cmgb_000003023_62.jpg","mi"
"pack_1/5/ohcah_cmgb_000003023_63.jpg","chi"
"pack_1/5/ohcah_cmgb_000003023_64.jpg","sa"
"pack_1/5/ohcah_cmgb_000003023_65.jpg","la"
"pack_1/5/ohcah_cmgb_000003023_66.jpg","colonia"
"pack_1/5/ohcah_cmgb_000003023_67.jpg","inglesa"
"pack_1/5/ohcah_cmgb_000003023_68.jpg","Lofelicito"
"pack_1/5/ohcah_cmgb_000003023_69.jpg","sinceridad"
"pack_1/5/ohcah_cmgb_000003023_70.jpg","mi"
"pack_1/5/ohcah_cmgb_000003023_71.jpg","la"
"pack_1/5/ohcah_cmgb_000003023_72.jpg","bueno"
"pack_1/5/ohcah_cmgb_000003023_73.jpg","posi"
"pack_1/5/ohcah_cmgb_000003023_74.jpg","ha"
"pack_1/5/ohcah_cmgb_000003023_75.jpg","conquisto"
"pack_1/5/ohcah_cmgb_000003024_0.jpg","do"
"pack_1/5/ohcah_cmgb_000003024_1.jpg","ese"
"pack_1/5/ohcah_cmgb_000003024_2.jpg","circulo"
"pack_1/5/ohcah_cmgb_000003024_3.jpg","social"
"pack_1/5/ohcah_cmgb_000003024_4.jpg","Mis"
"pack_1/5/ohcah_cmgb_000003024_5.jpg","recuerdos"
"pack_1/5/ohcah_cmgb_000003024_6.jpg","cariñosos"
"pack_1/5/ohcah_cmgb_000003024_7.jpg","a"
"pack_1/5/ohcah_cmgb_000003024_8.jpg","Crombet"
"pack_1/5/ohcah_cmgb_000003024_9.jpg","Amigo"
"pack_1/5/ohcah_cmgb_000003024_10.jpg","M"
"pack_1/5/ohcah_cmgb_000003024_11.jpg","Gomez"
"pack_1/6/ohcah_cmgb_000003030_0.jpg","Estimado"
"pack_1/6/ohcah_cmgb_000003030_1.jpg","su"
"pack_1/6/ohcah_cmgb_000003030_2.jpg","ultima"
"pack_1/6/ohcah_cmgb_000003030_3.jpg","corto"
"pack_1/6/ohcah_cmgb_000003030_4.jpg","breve"
"pack_1/6/ohcah_cmgb_000003030_5.jpg","sere"
"pack_1/6/ohcah_cmgb_000003030_6.jpg","carta"
"pack_1/6/ohcah_cmgb_000003030_7.jpg","querido"
"pack_1/6/ohcah_cmgb_000003030_8.jpg","Dr"
"pack_1/6/ohcah_cmgb_000003030_9.jpg","ha"
"pack_1/6/ohcah_cmgb_000003030_10.jpg","el"
"pack_1/6/ohcah_cmgb_000003030_11.jpg","dedo"
"pack_1/6/ohcah_cmgb_000003030_12.jpg","la"
"pack_1/6/ohcah_cmgb_000003030_13.jpg","pasado"
"pack_1/6/ohcah_cmgb_000003030_14.jpg","estoy"
"pack_1/6/ohcah_cmgb_000003030_15.jpg","pasan"
"pack_1/6/ohcah_cmgb_000003030_16.jpg","do"
"pack_1/6/ohcah_cmgb_000003030_17.jpg","noches"
"pack_1/6/ohcah_cmgb_000003030_18.jpg","de"
"pack_1/6/ohcah_cmgb_000003030_19.jpg","insomnios"
"pack_1/6/ohcah_cmgb_000003030_20.jpg","tenido"
"pack_1/6/ohcah_cmgb_000003030_21.jpg","momen"
"pack_1/6/ohcah_cmgb_000003030_22.jpg","tos"
"pack_1/6/ohcah_cmgb_000003030_23.jpg","lo"
"pack_1/6/ohcah_cmgb_000003030_24.jpg","confieso"
"pack_1/6/ohcah_cmgb_000003030_25.jpg","a V"
"pack_1/6/ohcah_cmgb_000003030_26.jpg","como "
"pack_1/6/ohcah_cmgb_000003030_27.jpg","hombre"
"pack_1/6/ohcah_cmgb_000003030_28.jpg","de"
"pack_1/6/ohcah_cmgb_000003030_29.jpg","honor"
"pack_1/6/ohcah_cmgb_000003030_30.jpg","i"
"pack_1/6/ohcah_cmgb_000003030_31.jpg","de"
"pack_1/6/ohcah_cmgb_000003030_32.jpg","conciencia"
"pack_1/6/ohcah_cmgb_000003030_33.jpg","que"
"pack_1/6/ohcah_cmgb_000003030_34.jpg","tenido"
"pack_1/6/ohcah_cmgb_000003030_35.jpg","momentos"
"pack_1/6/ohcah_cmgb_000003030_36.jpg","desgra"
"pack_1/6/ohcah_cmgb_000003030_37.jpg","ciadisimos"
"pack_1/6/ohcah_cmgb_000003030_38.jpg","cuando"
"pack_1/6/ohcah_cmgb_000003030_39.jpg","no"
"pack_1/6/ohcah_cmgb_000003030_40.jpg","pueden"
"pack_1/6/ohcah_cmgb_000003030_41.jpg","des"
"pack_1/6/ohcah_cmgb_000003030_42.jpg","mas"
"pack_1/6/ohcah_cmgb_000003030_43.jpg","aquellos"
"pack_1/6/ohcah_cmgb_000003030_44.jpg","en"
"pack_1/6/ohcah_cmgb_000003030_45.jpg","que"
"pack_1/6/ohcah_cmgb_000003030_46.jpg","hechando"
"pack_1/6/ohcah_cmgb_000003030_47.jpg","el"
"pack_1/6/ohcah_cmgb_000003030_48.jpg","hombre"
"pack_1/6/ohcah_cmgb_000003030_49.jpg","adversi"
"pack_1/6/ohcah_cmgb_000003030_50.jpg","dad"
"pack_1/6/ohcah_cmgb_000003030_51.jpg","airado"
"pack_1/6/ohcah_cmgb_000003030_52.jpg","destino"
"pack_1/6/ohcah_cmgb_000003030_53.jpg","llegar"
"pack_1/6/ohcah_cmgb_000003030_54.jpg","des"
"pack_1/6/ohcah_cmgb_000003030_55.jpg","un"
"pack_1/6/ohcah_cmgb_000003030_56.jpg","descreido"
"pack_1/6/ohcah_cmgb_000003030_57.jpg","Dios"
"pack_1/6/ohcah_cmgb_000003030_58.jpg","me"
"pack_1/6/ohcah_cmgb_000003030_59.jpg","libre"
"pack_1/6/ohcah_cmgb_000003030_60.jpg","de"
"pack_1/6/ohcah_cmgb_000003030_61.jpg","hombres"
"pack_1/6/ohcah_cmgb_000003030_62.jpg","que"
"pack_1/6/ohcah_cmgb_000003030_63.jpg","tal"
"pack_1/6/ohcah_cmgb_000003030_64.jpg","sientan"
"pack_1/6/ohcah_cmgb_000003030_65.jpg","pues"
"pack_1/6/ohcah_cmgb_000003030_66.jpg","no"
"pack_1/6/ohcah_cmgb_000003030_67.jpg","se"
"pack_1/6/ohcah_cmgb_000003030_68.jpg","puede"
"pack_1/6/ohcah_cmgb_000003030_69.jpg","der"
"pack_1/6/ohcah_cmgb_000003030_70.jpg","bueno"
"pack_1/6/ohcah_cmgb_000003030_71.jpg","i"
"pack_1/6/ohcah_cmgb_000003030_72.jpg","virtuo"
"pack_1/6/ohcah_cmgb_000003030_73.jpg","sin"
"pack_1/6/ohcah_cmgb_000003030_74.jpg","creencia"
"pack_1/6/ohcah_cmgb_000003030_75.jpg","alguna"
"pack_1/6/ohcah_cmgb_000003030_76.jpg","en"
"pack_1/6/ohcah_cmgb_000003030_77.jpg","el"
"pack_1/6/ohcah_cmgb_000003030_78.jpg","corazon"
"pack_1/6/ohcah_cmgb_000003030_79.jpg","so"
"pack_1/6/ohcah_cmgb_000003030_80.jpg","Momentos"
"pack_1/6/ohcah_cmgb_000003030_81.jpg","de"
"pack_1/6/ohcah_cmgb_000003030_82.jpg","fragilidad"
"pack_1/6/ohcah_cmgb_000003030_83.jpg","humana"
"pack_1/6/ohcah_cmgb_000003030_84.jpg","es"
"pack_1/6/ohcah_cmgb_000003030_85.jpg","la"
"pack_1/6/ohcah_cmgb_000003030_86.jpg","cuestion"
"pack_1/6/ohcah_cmgb_000003030_87.jpg","los"
"pack_1/6/ohcah_cmgb_000003030_88.jpg","3000"
"pack_1/6/ohcah_cmgb_000003030_89.jpg","maldito"
"pack_1/6/ohcah_cmgb_000003030_90.jpg","sea"
"pack_1/6/ohcah_cmgb_000003030_91.jpg","dinero"
"pack_1/6/ohcah_cmgb_000003030_92.jpg","es"
"pack_1/6/ohcah_cmgb_000003030_93.jpg","el"
"pack_1/6/ohcah_cmgb_000003030_94.jpg","amargo"
"pack_1/6/ohcah_cmgb_000003030_95.jpg","desengaño"
"pack_1/6/ohcah_cmgb_000003030_96.jpg","porque"
"pack_1/6/ohcah_cmgb_000003030_97.jpg","no"
"pack_1/6/ohcah_cmgb_000003030_98.jpg","debio"
"pack_1/6/ohcah_cmgb_000003030_99.jpg","ser"
"pack_1/6/ohcah_cmgb_000003030_100.jpg","asi"
"pack_1/6/ohcah_cmgb_000003030_101.jpg","la"
"pack_1/6/ohcah_cmgb_000003030_102.jpg","consecuencia"
"pack_1/6/ohcah_cmgb_000003030_103.jpg","de"
"pack_1/6/ohcah_cmgb_000003030_104.jpg","lo"
"pack_1/6/ohcah_cmgb_000003030_105.jpg","hable"
"pack_1/6/ohcah_cmgb_000003030_106.jpg","el"
"pack_1/6/ohcah_cmgb_000003030_107.jpg","Amigo"
"pack_1/6/ohcah_cmgb_000003030_108.jpg","yo"
"pack_1/6/ohcah_cmgb_000003030_109.jpg","no"
"pack_1/6/ohcah_cmgb_000003030_110.jpg","hable"
"pack_1/6/ohcah_cmgb_000003030_111.jpg","de"
"pack_1/6/ohcah_cmgb_000003030_112.jpg","esa"
"pack_1/6/ohcah_cmgb_000003030_113.jpg","con"
"pack_1/6/ohcah_cmgb_000003030_114.jpg","el"
"pack_1/6/ohcah_cmgb_000003030_115.jpg","Presidente"
"pack_1/6/ohcah_cmgb_000003030_116.jpg","Honduras"
"pack_1/6/ohcah_cmgb_000003030_117.jpg","pense"
"pack_1/6/ohcah_cmgb_000003030_118.jpg","al"
"pack_1/6/ohcah_cmgb_000003030_119.jpg","momento"
"pack_1/6/ohcah_cmgb_000003030_120.jpg","de"
"pack_1/6/ohcah_cmgb_000003030_121.jpg","saber"
"pack_1/6/ohcah_cmgb_000003030_122.jpg","del"
"pack_1/6/ohcah_cmgb_000003030_123.jpg","acuerdo"
"pack_1/6/ohcah_cmgb_000003030_124.jpg","dar"
"pack_1/6/ohcah_cmgb_000003030_125.jpg","yo"
"pack_1/6/ohcah_cmgb_000003030_126.jpg","escrito"
"pack_1/6/ohcah_cmgb_000003030_127.jpg","a"
"pack_1/6/ohcah_cmgb_000003030_128.jpg","la"
"pack_1/6/ohcah_cmgb_000003030_129.jpg","prensa"
"pack_1/6/ohcah_cmgb_000003030_130.jpg","aclarando"
"pack_1/6/ohcah_cmgb_000003030_131.jpg","el"
"pack_1/6/ohcah_cmgb_000003030_132.jpg","asunto"
"pack_1/6/ohcah_cmgb_000003030_133.jpg","pero"
"pack_1/6/ohcah_cmgb_000003030_134.jpg","sin"
"pack_1/6/ohcah_cmgb_000003030_135.jpg","poner"
"pack_1/6/ohcah_cmgb_000003030_136.jpg","a"
"pack_1/6/ohcah_cmgb_000003030_137.jpg","disposicion"
"pack_1/6/ohcah_cmgb_000003030_138.jpg","de"
"pack_1/6/ohcah_cmgb_000003030_139.jpg","la"
"pack_1/6/ohcah_cmgb_000003030_140.jpg","hacienda"
"pack_1/6/ohcah_cmgb_000003030_141.jpg","la"
"pack_1/6/ohcah_cmgb_000003030_142.jpg","suma"
"pack_1/6/ohcah_cmgb_000003030_143.jpg","pues"
"pack_1/6/ohcah_cmgb_000003030_144.jpg","habia"
"pack_1/6/ohcah_cmgb_000003030_145.jpg","dispuesto"
"pack_1/6/ohcah_cmgb_000003030_146.jpg","de"
"pack_1/6/ohcah_cmgb_000003030_147.jpg","parte"
"pack_1/6/ohcah_cmgb_000003030_148.jpg","de"
"pack_1/6/ohcah_cmgb_000003030_149.jpg","ella"
"pack_1/6/ohcah_cmgb_000003030_150.jpg","ya"
"pack_1/6/ohcah_cmgb_000003031_0.jpg","aquello"
"pack_1/6/ohcah_cmgb_000003031_1.jpg","hubiera"
"pack_1/6/ohcah_cmgb_000003031_2.jpg","sido"
"pack_1/6/ohcah_cmgb_000003031_3.jpg","deficiente"
"pack_1/6/ohcah_cmgb_000003031_4.jpg","hasta"
"pack_1/6/ohcah_cmgb_000003031_5.jpg","ridiculo"
"pack_1/6/ohcah_cmgb_000003031_6.jpg","En"
"pack_1/6/ohcah_cmgb_000003031_7.jpg","esto"
"pack_1/6/ohcah_cmgb_000003031_8.jpg","mismo"
"pack_1/6/ohcah_cmgb_000003031_9.jpg","esplicare"
"pack_1/6/ohcah_cmgb_000003031_10.jpg","entoces"
"pack_1/6/ohcah_cmgb_000003031_11.jpg","lo"
"pack_1/6/ohcah_cmgb_000003031_12.jpg","ahora"
"pack_1/6/ohcah_cmgb_000003031_13.jpg","Salude"
"pack_1/6/ohcah_cmgb_000003031_14.jpg","Crombet"
"pack_1/6/ohcah_cmgb_000003031_15.jpg","sincero"
"pack_1/6/ohcah_cmgb_000003031_16.jpg","afecto"
"pack_1/6/ohcah_cmgb_000003031_17.jpg","su"
"pack_1/6/ohcah_cmgb_000003031_18.jpg","M"
"pack_1/15/ohcah_cmgb_000003088_0.jpg","Remedios"
"pack_1/15/ohcah_cmgb_000003088_1.jpg","Dihe"
"pack_1/15/ohcah_cmgb_000003088_2.jpg","M"
"pack_1/15/ohcah_cmgb_000003088_3.jpg","de"
"pack_1/15/ohcah_cmgb_000003088_4.jpg","Sobrado"
"pack_1/15/ohcah_cmgb_000003088_5.jpg","Presente"
"pack_1/15/ohcah_cmgb_000003088_6.jpg","Muy"
"pack_1/15/ohcah_cmgb_000003088_7.jpg","estimada"
"pack_1/15/ohcah_cmgb_000003088_8.jpg","Sta"
"pack_1/15/ohcah_cmgb_000003088_9.jpg","mia"
"pack_1/15/ohcah_cmgb_000003088_10.jpg","Le"
"pack_1/15/ohcah_cmgb_000003088_11.jpg","envio"
"pack_1/15/ohcah_cmgb_000003088_12.jpg","al"
"pack_1/15/ohcah_cmgb_000003088_13.jpg","dorso"
"pack_1/15/ohcah_cmgb_000003088_14.jpg","de"
"pack_1/15/ohcah_cmgb_000003088_15.jpg","la"
"pack_1/15/ohcah_cmgb_000003088_16.jpg","las"
"pack_1/15/ohcah_cmgb_000003088_17.jpg","preguntas"
"pack_1/15/ohcah_cmgb_000003088_18.jpg","que"
"pack_1/15/ohcah_cmgb_000003088_19.jpg","podra"
"pack_1/15/ohcah_cmgb_000003088_20.jpg","leer"
"pack_1/15/ohcah_cmgb_000003088_21.jpg","para"
"pack_1/15/ohcah_cmgb_000003088_22.jpg","que"
"pack_1/15/ohcah_cmgb_000003088_23.jpg","me"
"pack_1/15/ohcah_cmgb_000003088_24.jpg","haga"
"pack_1/15/ohcah_cmgb_000003088_25.jpg","obsequio"
"pack_1/15/ohcah_cmgb_000003088_26.jpg","contestarlos"
"pack_1/15/ohcah_cmgb_000003088_27.jpg","Necesito"
"pack_1/15/ohcah_cmgb_000003088_28.jpg","el"
"pack_1/15/ohcah_cmgb_000003088_29.jpg","concurso"
"pack_1/15/ohcah_cmgb_000003088_30.jpg","de"
"pack_1/15/ohcah_cmgb_000003088_31.jpg","las "
"pack_1/15/ohcah_cmgb_000003088_32.jpg","niñas"
"pack_1/15/ohcah_cmgb_000003088_33.jpg","graciosas"
"pack_1/15/ohcah_cmgb_000003088_34.jpg","inteligentes"
"pack_1/15/ohcah_cmgb_000003088_35.jpg","para"
"pack_1/15/ohcah_cmgb_000003088_36.jpg","darle"
"pack_1/15/ohcah_cmgb_000003088_37.jpg","mas"
"pack_1/15/ohcah_cmgb_000003088_38.jpg","amenidad"
"pack_1/15/ohcah_cmgb_000003088_39.jpg","Sinsonte"
"pack_1/15/ohcah_cmgb_000003088_40.jpg","Esper	"
"pack_1/15/ohcah_cmgb_000003088_41.jpg","que"
"pack_1/15/ohcah_cmgb_000003088_42.jpg","no"
"pack_1/15/ohcah_cmgb_000003088_43.jpg","me"
"pack_1/15/ohcah_cmgb_000003088_44.jpg","desasran"
"pack_1/15/ohcah_cmgb_000003088_45.jpg","j"
"pack_1/15/ohcah_cmgb_000003088_46.jpg","que"
"pack_1/15/ohcah_cmgb_000003088_47.jpg","hoy"
"pack_1/15/ohcah_cmgb_000003088_48.jpg","sin"
"pack_1/15/ohcah_cmgb_000003088_49.jpg","falta"
"pack_1/15/ohcah_cmgb_000003088_50.jpg","conteste"
"pack_1/15/ohcah_cmgb_000003088_51.jpg","las"
"pack_1/15/ohcah_cmgb_000003088_52.jpg","referidos"
"pack_1/15/ohcah_cmgb_000003088_53.jpg","preguntas"
"pack_1/15/ohcah_cmgb_000003088_54.jpg","Loj"
"pack_1/15/ohcah_cmgb_000003088_55.jpg","Agustin"
"pack_1/16/ohcah_cmgb_000003092_0.jpg","Central"
"pack_1/16/ohcah_cmgb_000003092_1.jpg","Narcisa"
"pack_1/16/ohcah_cmgb_000003092_2.jpg","Oct/98"
"pack_1/16/ohcah_cmgb_000003092_3.jpg","A"
"pack_1/16/ohcah_cmgb_000003092_4.jpg","Ysabel"
"pack_1/16/ohcah_cmgb_000003092_5.jpg","Curtis"
"pack_1/16/ohcah_cmgb_000003092_6.jpg","Preciosa"
"pack_1/16/ohcah_cmgb_000003092_7.jpg","Cubana"
"pack_1/16/ohcah_cmgb_000003092_8.jpg","Tu"
"pack_1/16/ohcah_cmgb_000003092_9.jpg","carta"
"pack_1/16/ohcah_cmgb_000003092_10.jpg","me"
"pack_1/16/ohcah_cmgb_000003092_11.jpg","llego"
"pack_1/16/ohcah_cmgb_000003092_12.jpg","a"
"pack_1/16/ohcah_cmgb_000003092_13.jpg","tiempo"
"pack_1/16/ohcah_cmgb_000003092_14.jpg","estaba"
"pack_1/16/ohcah_cmgb_000003092_15.jpg","triste"
"pack_1/16/ohcah_cmgb_000003092_16.jpg","por"
"pack_1/16/ohcah_cmgb_000003092_17.jpg","la"
"pack_1/16/ohcah_cmgb_000003092_18.jpg","separacion"
"pack_1/16/ohcah_cmgb_000003092_19.jpg","de"
"pack_1/16/ohcah_cmgb_000003092_20.jpg","VV"
"pack_1/16/ohcah_cmgb_000003092_21.jpg","tu"
"pack_1/16/ohcah_cmgb_000003092_22.jpg","tu"
"pack_1/16/ohcah_cmgb_000003092_23.jpg","buena"
"pack_1/16/ohcah_cmgb_000003092_24.jpg","Mama"
"pack_1/16/ohcah_cmgb_000003092_25.jpg","estaba"
"pack_1/16/ohcah_cmgb_000003092_26.jpg","triste"
"pack_1/16/ohcah_cmgb_000003092_27.jpg","por"
"pack_1/16/ohcah_cmgb_000003092_28.jpg","diversos"
"pack_1/16/ohcah_cmgb_000003092_29.jpg","motivos"
"pack_1/16/ohcah_cmgb_000003092_30.jpg","pera"
"pack_1/16/ohcah_cmgb_000003092_31.jpg","esa"
"pack_1/16/ohcah_cmgb_000003092_32.jpg","carta"
"pack_1/16/ohcah_cmgb_000003092_33.jpg","tuya"
"pack_1/16/ohcah_cmgb_000003092_34.jpg","trajo"
"pack_1/16/ohcah_cmgb_000003092_35.jpg","para"
"pack_1/16/ohcah_cmgb_000003092_36.jpg","mi"
"pack_1/16/ohcah_cmgb_000003092_37.jpg","espiri"
"pack_1/16/ohcah_cmgb_000003092_38.jpg","tu"
"pack_1/16/ohcah_cmgb_000003092_39.jpg","algo"
"pack_1/16/ohcah_cmgb_000003092_40.jpg","asi"
"pack_1/16/ohcah_cmgb_000003092_41.jpg","como"
"pack_1/16/ohcah_cmgb_000003092_42.jpg","un con "
"pack_1/16/ohcah_cmgb_000003092_43.jpg","suelo"
"pack_1/16/ohcah_cmgb_000003092_44.jpg","para"
"pack_1/16/ohcah_cmgb_000003092_45.jpg","los"
"pack_1/16/ohcah_cmgb_000003092_46.jpg","desampa"
"pack_1/16/ohcah_cmgb_000003092_47.jpg","rados"
"pack_1/16/ohcah_cmgb_000003092_48.jpg","cualquiera"
"pack_1/16/ohcah_cmgb_000003092_49.jpg","caricia"
"pack_1/16/ohcah_cmgb_000003092_50.jpg","de"
"pack_1/16/ohcah_cmgb_000003092_51.jpg","los "
"pack_1/16/ohcah_cmgb_000003092_52.jpg","demas"
"pack_1/16/ohcah_cmgb_000003092_53.jpg","tiene"
"pack_1/16/ohcah_cmgb_000003092_54.jpg","un"
"pack_1/16/ohcah_cmgb_000003092_55.jpg","va"
"pack_1/16/ohcah_cmgb_000003092_56.jpg","lor"
"pack_1/16/ohcah_cmgb_000003092_57.jpg","solo"
"pack_1/16/ohcah_cmgb_000003092_58.jpg","apreciable"
"pack_1/16/ohcah_cmgb_000003092_59.jpg","para"
"pack_1/16/ohcah_cmgb_000003092_60.jpg","el"
"pack_1/16/ohcah_cmgb_000003092_61.jpg","que"
"pack_1/16/ohcah_cmgb_000003092_62.jpg","sufre"
"pack_1/16/ohcah_cmgb_000003092_63.jpg","Cuanto"
"pack_1/16/ohcah_cmgb_000003092_64.jpg","te"
"pack_1/16/ohcah_cmgb_000003092_65.jpg","agradezco"
"pack_1/16/ohcah_cmgb_000003092_66.jpg","tu"
"pack_1/16/ohcah_cmgb_000003092_67.jpg","carta"
"pack_1/16/ohcah_cmgb_000003092_68.jpg","cuanto"
"pack_1/16/ohcah_cmgb_000003092_69.jpg","a ti solo"
"pack_1/16/ohcah_cmgb_000003092_70.jpg","pude"
"pack_1/16/ohcah_cmgb_000003092_71.jpg","decir"
"pack_1/16/ohcah_cmgb_000003092_72.jpg","a"
"pack_1/16/ohcah_cmgb_000003092_73.jpg","tu "
"pack_1/16/ohcah_cmgb_000003092_74.jpg","Mama"
"pack_1/16/ohcah_cmgb_000003093_0.jpg","un"
"pack_1/16/ohcah_cmgb_000003093_1.jpg","pensamiento"
"pack_1/16/ohcah_cmgb_000003093_2.jpg","que "
"pack_1/16/ohcah_cmgb_000003093_3.jpg","deje"
"pack_1/16/ohcah_cmgb_000003093_4.jpg","in"
"pack_1/16/ohcah_cmgb_000003093_5.jpg","completo"
"pack_1/16/ohcah_cmgb_000003093_6.jpg","pero"
"pack_1/16/ohcah_cmgb_000003093_7.jpg","que "
"pack_1/16/ohcah_cmgb_000003093_8.jpg","lo"
"pack_1/16/ohcah_cmgb_000003093_9.jpg","digo"
"pack_1/16/ohcah_cmgb_000003093_10.jpg","ati"
"pack_1/16/ohcah_cmgb_000003093_11.jpg","hai"
"pack_1/16/ohcah_cmgb_000003093_12.jpg","seres"
"pack_1/16/ohcah_cmgb_000003093_13.jpg","que"
"pack_1/16/ohcah_cmgb_000003093_14.jpg","mas "
"pack_1/16/ohcah_cmgb_000003093_15.jpg","valiera"
"pack_1/16/ohcah_cmgb_000003093_16.jpg","no"
"pack_1/16/ohcah_cmgb_000003093_17.jpg","conocerlos"
"pack_1/16/ohcah_cmgb_000003093_18.jpg","si"
"pack_1/16/ohcah_cmgb_000003093_19.jpg","nos "
"pack_1/16/ohcah_cmgb_000003093_20.jpg","han "
"pack_1/16/ohcah_cmgb_000003093_21.jpg","de"
"pack_1/16/ohcah_cmgb_000003093_22.jpg","abandonar "
"pack_1/16/ohcah_cmgb_000003093_23.jpg","despues"
"pack_1/16/ohcah_cmgb_000003093_24.jpg","y"
"pack_1/16/ohcah_cmgb_000003093_25.jpg","esto"
"pack_1/16/ohcah_cmgb_000003093_26.jpg","con"
"pack_1/16/ohcah_cmgb_000003093_27.jpg","difere"
"pack_1/16/ohcah_cmgb_000003093_28.jpg","cias"
"pack_1/16/ohcah_cmgb_000003093_29.jpg","de"
"pack_1/16/ohcah_cmgb_000003093_30.jpg","fraces"
"pack_1/16/ohcah_cmgb_000003093_31.jpg","lo"
"pack_1/16/ohcah_cmgb_000003093_32.jpg","he"
"pack_1/16/ohcah_cmgb_000003093_33.jpg","oido"
"pack_1/16/ohcah_cmgb_000003093_34.jpg","expresar"
"pack_1/16/ohcah_cmgb_000003093_35.jpg","a"
"pack_1/16/ohcah_cmgb_000003093_36.jpg","mas "
"pack_1/16/ohcah_cmgb_000003093_37.jpg","de"
"pack_1/16/ohcah_cmgb_000003093_38.jpg","una"
"pack_1/16/ohcah_cmgb_000003093_39.jpg","adicata"
"pack_1/16/ohcah_cmgb_000003093_40.jpg","que"
"pack_1/16/ohcah_cmgb_000003093_41.jpg","sin"
"pack_1/16/ohcah_cmgb_000003093_42.jpg","darte cuen"
"pack_1/16/ohcah_cmgb_000003093_43.jpg","ta"
"pack_1/16/ohcah_cmgb_000003093_44.jpg","has"
"pack_1/16/ohcah_cmgb_000003093_45.jpg","dejado"
"pack_1/16/ohcah_cmgb_000003093_46.jpg","por"
"pack_1/16/ohcah_cmgb_000003093_47.jpg","aqui"
"pack_1/16/ohcah_cmgb_000003093_48.jpg","tus"
"pack_1/16/ohcah_cmgb_000003093_49.jpg","recuerdos"
"pack_1/16/ohcah_cmgb_000003093_50.jpg","siempre"
"pack_1/16/ohcah_cmgb_000003093_51.jpg","estan"
"pack_1/16/ohcah_cmgb_000003093_52.jpg","vivos"
"pack_1/16/ohcah_cmgb_000003093_53.jpg","a"
"pack_1/16/ohcah_cmgb_000003093_54.jpg","como"
"pack_1/16/ohcah_cmgb_000003093_55.jpg","que"
"pack_1/16/ohcah_cmgb_000003093_56.jpg","me"
"pack_1/16/ohcah_cmgb_000003093_57.jpg","murmuran"
"pack_1/16/ohcah_cmgb_000003093_58.jpg","en"
"pack_1/16/ohcah_cmgb_000003093_59.jpg","este"
"pack_1/16/ohcah_cmgb_000003093_60.jpg","Central"
"pack_1/16/ohcah_cmgb_000003093_61.jpg","sabes"
"pack_1/16/ohcah_cmgb_000003093_62.jpg","que"
"pack_1/16/ohcah_cmgb_000003093_63.jpg","no"
"pack_1/16/ohcah_cmgb_000003093_64.jpg","soy"
"pack_1/16/ohcah_cmgb_000003093_65.jpg","hombre"
"pack_1/16/ohcah_cmgb_000003093_66.jpg","de"
"pack_1/16/ohcah_cmgb_000003093_67.jpg","alardeos"
"pack_1/16/ohcah_cmgb_000003093_68.jpg","Una"
"pack_1/16/ohcah_cmgb_000003093_69.jpg","vez"
"pack_1/16/ohcah_cmgb_000003093_70.jpg","desde"
"pack_1/16/ohcah_cmgb_000003093_71.jpg","mi"
"pack_1/16/ohcah_cmgb_000003093_72.jpg","caballo"
"pack_1/16/ohcah_cmgb_000003093_73.jpg","contemple"
"pack_1/16/ohcah_cmgb_000003093_74.jpg","asi"
"pack_1/16/ohcah_cmgb_000003093_75.jpg","muchas"
"pack_1/16/ohcah_cmgb_000003093_76.jpg","cosas"
"pack_1/16/ohcah_cmgb_000003093_77.jpg","bala"
"pack_1/16/ohcah_cmgb_000003093_78.jpg","sos"
"pack_1/16/ohcah_cmgb_000003093_79.jpg","pegados "
"pack_1/16/ohcah_cmgb_000003093_80.jpg","en"
"pack_1/16/ohcah_cmgb_000003093_81.jpg","el"
"pack_1/16/ohcah_cmgb_000003093_82.jpg","blanco"
"pack_1/16/ohcah_cmgb_000003093_83.jpg","del"
"pack_1/16/ohcah_cmgb_000003093_84.jpg","poste"
"pack_1/16/ohcah_cmgb_000003093_85.jpg","de"
"pack_1/16/ohcah_cmgb_000003093_86.jpg","la"
"pack_1/16/ohcah_cmgb_000003093_87.jpg","luz"
"pack_1/16/ohcah_cmgb_000003093_88.jpg","electri"
"pack_1/16/ohcah_cmgb_000003093_89.jpg","ca"
"pack_1/16/ohcah_cmgb_000003093_90.jpg","por"
"pack_1/16/ohcah_cmgb_000003093_91.jpg","cierto"
"pack_1/16/ohcah_cmgb_000003093_92.jpg","que"
"pack_1/16/ohcah_cmgb_000003093_93.jpg","le"
"pack_1/16/ohcah_cmgb_000003093_94.jpg","gustara"
"pack_1/16/ohcah_cmgb_000003093_95.jpg","mucho"
"pack_1/16/ohcah_cmgb_000003093_96.jpg","M"
"pack_1/16/ohcah_cmgb_000003094_0.jpg","Artis"
"pack_1/16/ohcah_cmgb_000003094_1.jpg","cuando"
"pack_1/16/ohcah_cmgb_000003094_2.jpg","disparaba"
"pack_1/16/ohcah_cmgb_000003094_3.jpg","mos"
"pack_1/16/ohcah_cmgb_000003094_4.jpg","al"
"pack_1/16/ohcah_cmgb_000003094_5.jpg","blanco"
"pack_1/16/ohcah_cmgb_000003094_6.jpg","y"
"pack_1/16/ohcah_cmgb_000003094_7.jpg","que"
"pack_1/16/ohcah_cmgb_000003098_8.jpg","a"
"pack_1/16/ohcah_cmgb_000003094_9.jpg","mi"
"pack_1/16/ohcah_cmgb_000003094_10.jpg","me "
"pack_1/16/ohcah_cmgb_000003094_11.jpg","hacia"
"pack_1/16/ohcah_cmgb_000003094_12.jpg","mucha"
"pack_1/16/ohcah_cmgb_000003094_13.jpg","gracia"
"pack_1/16/ohcah_cmgb_000003094_14.jpg","verte"
"pack_1/16/ohcah_cmgb_000003094_15.jpg","tan"
"pack_1/16/ohcah_cmgb_000003094_16.jpg","seria"
"pack_1/16/ohcah_cmgb_000003094_17.jpg","to"
"pack_1/16/ohcah_cmgb_000003094_18.jpg","mar"
"pack_1/16/ohcah_cmgb_000003094_19.jpg","la"
"pack_1/16/ohcah_cmgb_000003094_20.jpg","punteria"
"pack_1/16/ohcah_cmgb_000003094_21.jpg","con "
"pack_1/16/ohcah_cmgb_000003094_22.jpg","el"
"pack_1/16/ohcah_cmgb_000003094_23.jpg","rifle"
"pack_1/16/ohcah_cmgb_000003094_24.jpg","de"
"pack_1/16/ohcah_cmgb_000003094_25.jpg","la"
"pack_1/16/ohcah_cmgb_000003094_26.jpg","guerra"
"pack_1/16/ohcah_cmgb_000003094_27.jpg","a favor"
"pack_1/16/ohcah_cmgb_000003094_28.jpg","de"
"pack_1/16/ohcah_cmgb_000003094_29.jpg","tus"
"pack_1/16/ohcah_cmgb_000003094_30.jpg","lentes"
"pack_1/16/ohcah_cmgb_000003094_31.jpg","de"
"pack_1/16/ohcah_cmgb_000003094_32.jpg","oro"
"pack_1/16/ohcah_cmgb_000003094_33.jpg","Seguro"
"pack_1/16/ohcah_cmgb_000003094_34.jpg","estoy"
"pack_1/16/ohcah_cmgb_000003094_35.jpg","que"
"pack_1/16/ohcah_cmgb_000003094_36.jpg","los"
"pack_1/16/ohcah_cmgb_000003094_37.jpg","habaneros"
"pack_1/16/ohcah_cmgb_000003094_38.jpg","incluso"
"pack_1/16/ohcah_cmgb_000003094_39.jpg","Collazo"
"pack_1/16/ohcah_cmgb_000003094_40.jpg","ninguno "
"pack_1/16/ohcah_cmgb_000003094_41.jpg","ha"
"pack_1/16/ohcah_cmgb_000003094_42.jpg","tenido"
"pack_1/16/ohcah_cmgb_000003094_43.jpg","el"
"pack_1/16/ohcah_cmgb_000003094_44.jpg","to"
"pack_1/16/ohcah_cmgb_000003094_45.jpg","de "
"pack_1/16/ohcah_cmgb_000003094_46.jpg","verte "
"pack_1/16/ohcah_cmgb_000003094_47.jpg","tan "
"pack_1/16/ohcah_cmgb_000003094_48.jpg","bonita"
"pack_1/16/ohcah_cmgb_000003094_49.jpg","junto"
"pack_1/16/ohcah_cmgb_000003094_50.jpg","a "
"pack_1/16/ohcah_cmgb_000003094_51.jpg","los"
"pack_1/16/ohcah_cmgb_000003094_52.jpg","tascos"
"pack_1/16/ohcah_cmgb_000003094_53.jpg","y"
"pack_1/16/ohcah_cmgb_000003094_54.jpg","viejos"
"pack_1/16/ohcah_cmgb_000003094_55.jpg","g"
"pack_1/16/ohcah_cmgb_000003094_56.jpg","uerreros"
"pack_1/16/ohcah_cmgb_000003094_57.jpg","que "
"pack_1/16/ohcah_cmgb_000003094_58.jpg","sin "
"pack_1/16/ohcah_cmgb_000003094_59.jpg","te"
"pack_1/16/ohcah_cmgb_000003094_60.jpg","largo"
"pack_1/16/ohcah_cmgb_000003094_61.jpg","mimaban"
"pack_1/16/ohcah_cmgb_000003094_62.jpg","relacion"
"pack_1/16/ohcah_cmgb_000003094_63.jpg","de"
"pack_1/16/ohcah_cmgb_000003094_64.jpg","las "
"pack_1/16/ohcah_cmgb_000003094_65.jpg","peripecias "
"pack_1/16/ohcah_cmgb_000003094_66.jpg","del"
"pack_1/16/ohcah_cmgb_000003094_67.jpg","viaje"
"pack_1/16/ohcah_cmgb_000003094_68.jpg","ya"
"pack_1/16/ohcah_cmgb_000003094_69.jpg","de "
"pack_1/16/ohcah_cmgb_000003094_70.jpg","eso"
"pack_1/16/ohcah_cmgb_000003094_71.jpg","sabia "
"pack_1/16/ohcah_cmgb_000003094_72.jpg","mucho"
"pack_1/16/ohcah_cmgb_000003094_73.jpg","por"
"pack_1/16/ohcah_cmgb_000003094_74.jpg","la "
"pack_1/16/ohcah_cmgb_000003094_75.jpg","bella "
"pack_1/16/ohcah_cmgb_000003094_76.jpg","Natica"
"pack_1/16/ohcah_cmgb_000003094_77.jpg","esta"
"pack_1/16/ohcah_cmgb_000003094_78.jpg","co"
"pack_1/16/ohcah_cmgb_000003094_79.jpg","mo"
"pack_1/16/ohcah_cmgb_000003094_80.jpg","otras "
"pack_1/16/ohcah_cmgb_000003094_81.jpg","muchas"
"pack_1/16/ohcah_cmgb_000003094_82.jpg","pren"
"pack_1/16/ohcah_cmgb_000003094_83.jpg","dada"
"pack_1/16/ohcah_cmgb_000003094_84.jpg","de"
"pack_1/16/ohcah_cmgb_000003094_85.jpg","ti"
"pack_1/16/ohcah_cmgb_000003094_86.jpg","Pero"
"pack_1/16/ohcah_cmgb_000003094_87.jpg","todo"
"pack_1/16/ohcah_cmgb_000003094_88.jpg","eso"
"pack_1/16/ohcah_cmgb_000003094_89.jpg","que"
"pack_1/16/ohcah_cmgb_000003094_90.jpg","fue"
"pack_1/16/ohcah_cmgb_000003094_91.jpg","nada"
"pack_1/16/ohcah_cmgb_000003094_92.jpg","pona"
"pack_1/16/ohcah_cmgb_000003094_93.jpg","personas"
"pack_1/16/ohcah_cmgb_000003094_94.jpg","acostumbradas"
"pack_1/16/ohcah_cmgb_000003095_0.jpg","a"
"pack_1/16/ohcah_cmgb_000003095_1.jpg","viajar"
"pack_1/16/ohcah_cmgb_000003095_2.jpg","VV"
"pack_1/16/ohcah_cmgb_000003095_3.jpg","debio"
"pack_1/16/ohcah_cmgb_000003095_4.jpg","borrarsele"
"pack_1/16/ohcah_cmgb_000003095_5.jpg","de"
"pack_1/16/ohcah_cmgb_000003095_6.jpg","la"
"pack_1/16/ohcah_cmgb_000003095_7.jpg","memoria"
"pack_1/16/ohcah_cmgb_000003095_8.jpg","al"
"pack_1/16/ohcah_cmgb_000003095_9.jpg","caer"
"pack_1/16/ohcah_cmgb_000003095_10.jpg","en"
"pack_1/16/ohcah_cmgb_000003095_11.jpg","los"
"pack_1/16/ohcah_cmgb_000003095_12.jpg","brasos"
"pack_1/16/ohcah_cmgb_000003095_13.jpg","de"
"pack_1/16/ohcah_cmgb_000003095_14.jpg","tus"
"pack_1/16/ohcah_cmgb_000003095_15.jpg","Amigas"
"pack_1/16/ohcah_cmgb_000003095_16.jpg","Como"
"pack_1/16/ohcah_cmgb_000003095_17.jpg","me"
"pack_1/16/ohcah_cmgb_000003095_18.jpg","espolean"
"pack_1/16/ohcah_cmgb_000003095_19.jpg","las"
"pack_1/16/ohcah_cmgb_000003095_20.jpg","ganas"
"pack_1/16/ohcah_cmgb_000003095_21.jpg","de"
"pack_1/16/ohcah_cmgb_000003095_22.jpg","conocer"
"pack_1/16/ohcah_cmgb_000003095_23.jpg","todas"
"pack_1/16/ohcah_cmgb_000003095_24.jpg","esas"
"pack_1/16/ohcah_cmgb_000003095_25.jpg","precio"
"pack_1/16/ohcah_cmgb_000003095_26.jpg","sidades"
"pack_1/16/ohcah_cmgb_000003095_27.jpg","pero "
"pack_1/16/ohcah_cmgb_000003095_28.jpg","yo"
"pack_1/16/ohcah_cmgb_000003095_29.jpg","soy"
"pack_1/16/ohcah_cmgb_000003095_30.jpg","un"
"pack_1/16/ohcah_cmgb_000003095_31.jpg","infeliz"
"pack_1/16/ohcah_cmgb_000003095_32.jpg","cautivo"
"pack_1/16/ohcah_cmgb_000003095_33.jpg","Dislas"
"pack_1/16/ohcah_cmgb_000003095_34.jpg","a"
"pack_1/16/ohcah_cmgb_000003095_35.jpg","todas"
"pack_1/16/ohcah_cmgb_000003095_36.jpg","mis"
"pack_1/16/ohcah_cmgb_000003095_37.jpg","cariños"
"pack_1/16/ohcah_cmgb_000003095_38.jpg","res"
"pack_1/16/ohcah_cmgb_000003095_39.jpg","petuosos"
"pack_1/16/ohcah_cmgb_000003095_40.jpg","que"
"pack_1/16/ohcah_cmgb_000003095_41.jpg","has"
"pack_1/16/ohcah_cmgb_000003095_42.jpg","podido"
"pack_1/16/ohcah_cmgb_000003095_43.jpg","conocer"
"pack_1/16/ohcah_cmgb_000003095_44.jpg","ento"
"pack_1/16/ohcah_cmgb_000003095_45.jpg","por"
"pack_1/16/ohcah_cmgb_000003095_46.jpg","las"
"pack_1/16/ohcah_cmgb_000003095_47.jpg","Cubanas"
"pack_1/16/ohcah_cmgb_000003095_48.jpg","tenemos"
"pack_1/16/ohcah_cmgb_000003095_49.jpg","aqui"
"pack_1/16/ohcah_cmgb_000003095_50.jpg","ahora"
"pack_1/16/ohcah_cmgb_000003095_51.jpg","a"
"pack_1/16/ohcah_cmgb_000003095_52.jpg","la"
"pack_1/16/ohcah_cmgb_000003095_53.jpg","Señora"
"pack_1/16/ohcah_cmgb_000003095_54.jpg","Eva"
"pack_1/16/ohcah_cmgb_000003095_55.jpg","Esposa"
"pack_1/16/ohcah_cmgb_000003095_56.jpg","del"
"pack_1/16/ohcah_cmgb_000003095_57.jpg","Gral"
"pack_1/16/ohcah_cmgb_000003095_58.jpg","Rodriguez"
"pack_1/16/ohcah_cmgb_000003095_59.jpg","ella"
"pack_1/16/ohcah_cmgb_000003095_60.jpg","nos"
"pack_1/16/ohcah_cmgb_000003095_61.jpg","distrae"
"pack_1/16/ohcah_cmgb_000003095_62.jpg","consue"
"pack_1/16/ohcah_cmgb_000003095_63.jpg","mi"
"pack_1/16/ohcah_cmgb_000003095_64.jpg","me"
"pack_1/16/ohcah_cmgb_000003095_65.jpg","hace"
"pack_1/16/ohcah_cmgb_000003095_66.jpg","recordarte"
"pack_1/16/ohcah_cmgb_000003095_67.jpg","ati "
"pack_1/16/ohcah_cmgb_000003095_68.jpg","En"
"pack_1/16/ohcah_cmgb_000003095_69.jpg","cuan"
"pack_1/16/ohcah_cmgb_000003095_70.jpg","to"
"pack_1/16/ohcah_cmgb_000003095_71.jpg","a"
"pack_1/16/ohcah_cmgb_000003095_72.jpg","el"
"pack_1/16/ohcah_cmgb_000003095_73.jpg","imaginate"
"pack_1/16/ohcah_cmgb_000003095_74.jpg","el"
"pack_1/16/ohcah_cmgb_000003095_75.jpg","delirio"
"pack_1/16/ohcah_cmgb_000003095_76.jpg","pues"
"pack_1/16/ohcah_cmgb_000003095_77.jpg","me"
"pack_1/16/ohcah_cmgb_000003095_78.jpg","causa"
"pack_1/16/ohcah_cmgb_000003095_79.jpg","placer"
"pack_1/16/ohcah_cmgb_000003095_80.jpg","la"
"pack_1/16/ohcah_cmgb_000003095_81.jpg","ventura"
"pack_1/16/ohcah_cmgb_000003095_82.jpg","agena"
"pack_1/16/ohcah_cmgb_000003096_0.jpg","diras "
"pack_1/16/ohcah_cmgb_000003096_1.jpg","a"
"pack_1/16/ohcah_cmgb_000003096_2.jpg","tu"
"pack_1/16/ohcah_cmgb_000003096_3.jpg","amable"
"pack_1/16/ohcah_cmgb_000003096_4.jpg","Collazo"
"pack_1/16/ohcah_cmgb_000003096_5.jpg","que "
"pack_1/16/ohcah_cmgb_000003096_6.jpg","mis"
"pack_1/16/ohcah_cmgb_000003096_7.jpg","servi"
"pack_1/16/ohcah_cmgb_000003096_8.jpg","cios"
"pack_1/16/ohcah_cmgb_000003096_9.jpg","estan"
"pack_1/16/ohcah_cmgb_000003096_10.jpg","a"
"pack_1/16/ohcah_cmgb_000003096_11.jpg","su"
"pack_1/16/ohcah_cmgb_000003096_12.jpg","dispo"
"pack_1/16/ohcah_cmgb_000003096_13.jpg","sision"
"pack_1/16/ohcah_cmgb_000003096_14.jpg","en"
"pack_1/16/ohcah_cmgb_000003096_15.jpg","cambio"
"pack_1/16/ohcah_cmgb_000003096_16.jpg","del"
"pack_1/16/ohcah_cmgb_000003096_17.jpg","qe"
"pack_1/16/ohcah_cmgb_000003096_18.jpg","ha"
"pack_1/16/ohcah_cmgb_000003096_19.jpg","prestado"
"pack_1/16/ohcah_cmgb_000003096_20.jpg","a"
"pack_1/16/ohcah_cmgb_000003096_21.jpg","mi"
"pack_1/16/ohcah_cmgb_000003096_22.jpg","Espo"
"pack_1/16/ohcah_cmgb_000003096_23.jpg","sa"
"pack_1/16/ohcah_cmgb_000003096_24.jpg","y "
"pack_1/16/ohcah_cmgb_000003096_25.jpg","a"
"pack_1/16/ohcah_cmgb_000003096_26.jpg","mi"
"pack_1/16/ohcah_cmgb_000003096_27.jpg","enviandola"
"pack_1/16/ohcah_cmgb_000003096_28.jpg","mi"
"pack_1/16/ohcah_cmgb_000003096_29.jpg","carta"
"pack_1/16/ohcah_cmgb_000003096_30.jpg","Nadie"
"pack_1/16/ohcah_cmgb_000003096_31.jpg","te"
"pack_1/16/ohcah_cmgb_000003096_32.jpg","puede"
"pack_1/16/ohcah_cmgb_000003096_33.jpg","olvidar"
"pack_1/16/ohcah_cmgb_000003096_34.jpg","aqui"
"pack_1/16/ohcah_cmgb_000003096_35.jpg","ni"
"pack_1/16/ohcah_cmgb_000003096_36.jpg","Moron"
"pack_1/16/ohcah_cmgb_000003096_37.jpg","Grillo"
"pack_1/16/ohcah_cmgb_000003096_38.jpg","hasta"
"pack_1/16/ohcah_cmgb_000003096_39.jpg","les"
"pack_1/16/ohcah_cmgb_000003096_40.jpg","he"
"pack_1/16/ohcah_cmgb_000003096_41.jpg","oido"
"pack_1/16/ohcah_cmgb_000003096_42.jpg","estableciendo"
"pack_1/16/ohcah_cmgb_000003096_43.jpg","com"
"pack_1/16/ohcah_cmgb_000003096_44.jpg","paraciones"
"pack_1/16/ohcah_cmgb_000003096_45.jpg","que"
"pack_1/16/ohcah_cmgb_000003096_46.jpg","te"
"pack_1/16/ohcah_cmgb_000003096_47.jpg","favorecen"
"pack_1/16/ohcah_cmgb_000003096_48.jpg","que"
"pack_1/16/ohcah_cmgb_000003096_49.jpg","me"
"pack_1/16/ohcah_cmgb_000003096_50.jpg","han"
"pack_1/16/ohcah_cmgb_000003096_51.jpg","hecho"
"pack_1/16/ohcah_cmgb_000003096_52.jpg","mucha"
"pack_1/16/ohcah_cmgb_000003096_53.jpg","gracia"
"pack_1/16/ohcah_cmgb_000003096_54.jpg","tomas"
"pack_1/16/ohcah_cmgb_000003096_55.jpg","esta"
"pack_1/16/ohcah_cmgb_000003096_56.jpg","bien"
"pack_1/16/ohcah_cmgb_000003096_57.jpg","cumplido"
"pack_1/16/ohcah_cmgb_000003096_58.jpg","militar"
"pack_1/16/ohcah_cmgb_000003096_59.jpg","con"
"pack_1/16/ohcah_cmgb_000003096_60.jpg","damas"
"pack_1/16/ohcah_cmgb_000003096_61.jpg","cortes"
"pack_1/16/ohcah_cmgb_000003096_62.jpg","Cardenas"
"pack_1/16/ohcah_cmgb_000003096_63.jpg","para"
"pack_1/16/ohcah_cmgb_000003096_64.jpg","alla"
"pack_1/16/ohcah_cmgb_000003097_0.jpg","va"
"pack_1/16/ohcah_cmgb_000003097_1.jpg","no"
"pack_1/16/ohcah_cmgb_000003097_2.jpg","se"
"pack_1/16/ohcah_cmgb_000003097_3.jpg","si"
"pack_1/16/ohcah_cmgb_000003097_4.jpg","arrastrado"
"pack_1/16/ohcah_cmgb_000003097_5.jpg","por"
"pack_1/16/ohcah_cmgb_000003097_6.jpg","ti"
"pack_1/16/ohcah_cmgb_000003097_7.jpg","sin"
"pack_1/16/ohcah_cmgb_000003097_8.jpg","tu"
"pack_1/16/ohcah_cmgb_000003097_9.jpg","tener"
"pack_1/16/ohcah_cmgb_000003097_10.jpg","la"
"pack_1/16/ohcah_cmgb_000003097_11.jpg","culpa"
"pack_1/16/ohcah_cmgb_000003097_12.jpg","Junto"
"pack_1/16/ohcah_cmgb_000003097_13.jpg","con"
"pack_1/16/ohcah_cmgb_000003097_14.jpg","tus"
"pack_1/16/ohcah_cmgb_000003097_15.jpg","Amigas"
"pack_1/16/ohcah_cmgb_000003097_16.jpg","ocuparte"
"pack_1/16/ohcah_cmgb_000003097_17.jpg","de"
"pack_1/16/ohcah_cmgb_000003097_18.jpg","trabajar"
"pack_1/16/ohcah_cmgb_000003097_19.jpg","pa"
"pack_1/16/ohcah_cmgb_000003097_20.jpg","los"
"pack_1/16/ohcah_cmgb_000003097_21.jpg","pobres"
"pack_1/16/ohcah_cmgb_000003097_22.jpg","mientras"
"pack_1/16/ohcah_cmgb_000003097_23.jpg","eso"
"pack_1/16/ohcah_cmgb_000003097_24.jpg","hagas"
"pack_1/16/ohcah_cmgb_000003097_25.jpg","olvides"
"pack_1/16/ohcah_cmgb_000003097_26.jpg","q"
"pack_1/16/ohcah_cmgb_000003097_27.jpg","aqui"
"pack_1/16/ohcah_cmgb_000003097_28.jpg","dejastes"
"pack_1/16/ohcah_cmgb_000003097_29.jpg","a"
"pack_1/16/ohcah_cmgb_000003097_30.jpg","un"
"pack_1/16/ohcah_cmgb_000003097_31.jpg","respetuoso"
"pack_1/16/ohcah_cmgb_000003097_32.jpg","Amigo"
"pack_1/16/ohcah_cmgb_000003097_33.jpg","qbffpp"
"pack_1/16/ohcah_cmgb_000003097_34.jpg","M"
"pack_1/16/ohcah_cmgb_000003097_35.jpg","Gomez"
"pack_1/16/ohcah_cmgb_000003097_36.jpg","Supante"
"pack_1/16/ohcah_cmgb_000003097_37.jpg","mi"
"pack_1/16/ohcah_cmgb_000003097_38.jpg","apuro"
"pack_1/16/ohcah_cmgb_000003097_39.jpg","con"
"pack_1/16/ohcah_cmgb_000003097_40.jpg","mas"
"pack_1/16/ohcah_cmgb_000003097_41.jpg","de"
"pack_1/16/ohcah_cmgb_000003097_42.jpg","mil"
"pack_1/16/ohcah_cmgb_000003097_43.jpg","de"
"pack_1/16/ohcah_cmgb_000003097_44.jpg","familias"
"pack_1/16/ohcah_cmgb_000003097_45.jpg","sucicimas"
"pack_1/16/ohcah_cmgb_000003097_46.jpg","asinadas"
"pack_1/16/ohcah_cmgb_000003097_47.jpg","aqui "
"pack_1/16/ohcah_cmgb_000003097_48.jpg","desde"
"pack_1/16/ohcah_cmgb_000003097_49.jpg","ayer"
"pack_1/16/ohcah_cmgb_000003097_50.jpg","se"
"pack_1/16/ohcah_cmgb_000003097_51.jpg","nos"
"pack_1/16/ohcah_cmgb_000003097_52.jpg","han"
"pack_1/16/ohcah_cmgb_000003097_53.jpg","presentado"
"pack_1/16/ohcah_cmgb_000003097_54.jpg","cuatro"
"pack_1/16/ohcah_cmgb_000003097_55.jpg","casos"
"pack_1/16/ohcah_cmgb_000003097_56.jpg","de"
"pack_1/16/ohcah_cmgb_000003097_57.jpg","viruelas"
"pack_1/16/ohcah_cmgb_000003097_58.jpg","Con"
"pack_1/16/ohcah_cmgb_000003097_59.jpg","terreno"
"pack_1/16/ohcah_cmgb_000003097_60.jpg","tan"
"pack_1/16/ohcah_cmgb_000003097_61.jpg","bien"
"pack_1/16/ohcah_cmgb_000003097_62.jpg","abonado"
"pack_1/16/ohcah_cmgb_000003097_63.jpg","para"
"pack_1/16/ohcah_cmgb_000003097_64.jpg","el"
"pack_1/16/ohcah_cmgb_000003097_65.jpg","desarrollo"
"pack_1/16/ohcah_cmgb_000003097_66.jpg","de"
"pack_1/16/ohcah_cmgb_000003097_67.jpg","cualquiera"
"pack_1/16/ohcah_cmgb_000003097_68.jpg","epidemia"
"pack_1/16/ohcah_cmgb_000003097_69.jpg","ademas"
"pack_1/16/ohcah_cmgb_000003097_70.jpg","aqui"
"pack_1/16/ohcah_cmgb_000003097_71.jpg","a"
"pack_1/16/ohcah_cmgb_000003097_72.jpg","carrerasos"
"pack_1/16/ohcah_cmgb_000003097_73.jpg","regando"
"pack_1/16/ohcah_cmgb_000003098_0.jpg","gente"
"pack_1/16/ohcah_cmgb_000003098_1.jpg","limpiando"
"pack_1/16/ohcah_cmgb_000003098_2.jpg","estos"
"pack_1/16/ohcah_cmgb_000003098_3.jpg","focos"
"pack_1/16/ohcah_cmgb_000003098_4.jpg","de"
"pack_1/16/ohcah_cmgb_000003098_5.jpg","pestilencias"
"pack_1/16/ohcah_cmgb_000003098_6.jpg","Porque"
"pack_1/16/ohcah_cmgb_000003098_7.jpg","la"
"pack_1/16/ohcah_cmgb_000003098_8.jpg","quema"
"pack_1/16/ohcah_cmgb_000003098_9.jpg","ha"
"pack_1/16/ohcah_cmgb_000003098_10.jpg","dejado"
"pack_1/16/ohcah_cmgb_000003098_11.jpg","impreso"
"pack_1/16/ohcah_cmgb_000003098_12.jpg","el"
"pack_1/16/ohcah_cmgb_000003098_13.jpg","sello"
"pack_1/16/ohcah_cmgb_000003098_14.jpg","del"
"pack_1/16/ohcah_cmgb_000003098_15.jpg","abandono"
"pack_1/16/ohcah_cmgb_000003098_16.jpg","en"
"pack_1/16/ohcah_cmgb_000003098_17.jpg","las"
"pack_1/16/ohcah_cmgb_000003098_18.jpg","gentes"
"pack_1/16/ohcah_cmgb_000003098_19.jpg","de"
"pack_1/16/ohcah_cmgb_000003098_20.jpg","los"
"pack_1/16/ohcah_cmgb_000003098_21.jpg","campos"
"pack_1/16/ohcah_cmgb_000003098_22.jpg","al"
"pack_1/16/ohcah_cmgb_000003098_23.jpg","extremo"
"pack_1/16/ohcah_cmgb_000003098_24.jpg","que"
"pack_1/16/ohcah_cmgb_000003098_25.jpg","tenemos"
"pack_1/16/ohcah_cmgb_000003098_26.jpg","tenemos"
"pack_1/16/ohcah_cmgb_000003098_27.jpg","que"
"pack_1/16/ohcah_cmgb_000003098_28.jpg","tomar"
"pack_1/16/ohcah_cmgb_000003098_29.jpg","medidas"
"pack_1/16/ohcah_cmgb_000003098_30.jpg","tan"
"pack_1/16/ohcah_cmgb_000003098_31.jpg","fuertes"
"pack_1/16/ohcah_cmgb_000003098_32.jpg","que"
"pack_1/16/ohcah_cmgb_000003098_33.jpg","a"
"pack_1/16/ohcah_cmgb_000003098_34.jpg","veces"
"pack_1/16/ohcah_cmgb_000003098_35.jpg","cualquiera"
"pack_1/16/ohcah_cmgb_000003098_36.jpg","dira"
"pack_1/16/ohcah_cmgb_000003098_37.jpg","es"
"pack_1/16/ohcah_cmgb_000003098_38.jpg","despatis"
"pack_1/16/ohcah_cmgb_000003098_39.jpg","que"
"pack_1/16/ohcah_cmgb_000003098_40.jpg","mo"
"pack_1/16/ohcah_cmgb_000003098_41.jpg","He"
"pack_1/16/ohcah_cmgb_000003098_42.jpg","tenido"
"pack_1/16/ohcah_cmgb_000003098_43.jpg","asom"
"pack_1/16/ohcah_cmgb_000003098_44.jpg","brate"
"pack_1/16/ohcah_cmgb_000003098_45.jpg","que"
"pack_1/16/ohcah_cmgb_000003098_46.jpg","mandar"
"pack_1/16/ohcah_cmgb_000003098_47.jpg","a"
"pack_1/16/ohcah_cmgb_000003098_48.jpg","ba"
"pack_1/16/ohcah_cmgb_000003098_49.jpg","ñarse"
"pack_1/16/ohcah_cmgb_000003098_50.jpg","gente "
"pack_1/16/ohcah_cmgb_000003098_51.jpg","a"
"pack_1/16/ohcah_cmgb_000003098_52.jpg","la"
"pack_1/16/ohcah_cmgb_000003098_53.jpg","fuerza"
"pack_1/16/ohcah_cmgb_000003098_54.jpg","Baño"
"pack_1/16/ohcah_cmgb_000003098_55.jpg","a"
"pack_1/16/ohcah_cmgb_000003098_56.jpg","lo"
"pack_1/16/ohcah_cmgb_000003098_57.jpg","militar"
"pack_1/16/ohcah_cmgb_000003098_58.jpg","Gomez"
"pack_1/16/ohcah_cmgb_000003098_59.jpg","otra"
"pack_1/16/ohcah_cmgb_000003098_60.jpg","molestia"
"pack_1/16/ohcah_cmgb_000003098_61.jpg","una"
"pack_1/16/ohcah_cmgb_000003098_62.jpg","car"
"pack_1/16/ohcah_cmgb_000003098_63.jpg","ta"
"pack_1/16/ohcah_cmgb_000003098_64.jpg","para"
"pack_1/16/ohcah_cmgb_000003098_65.jpg","mi"
"pack_1/16/ohcah_cmgb_000003098_66.jpg","Esposa"
"pack_1/16/ohcah_cmgb_000003098_67.jpg","las"
"pack_1/16/ohcah_cmgb_000003098_68.jpg","gracias"
"pack_1/16/ohcah_cmgb_000003098_69.jpg","antisipadas"
"pack_1/17/ohcah_cmgb_000003106_0.jpg","Central"
"pack_1/17/ohcah_cmgb_000003106_1.jpg","4"
"pack_1/17/ohcah_cmgb_000003106_2.jpg","Nobre/98"
"pack_1/17/ohcah_cmgb_000003106_3.jpg","Señorita"
"pack_1/17/ohcah_cmgb_000003106_4.jpg","Y"
"pack_1/17/ohcah_cmgb_000003106_5.jpg","Curtis"
"pack_1/17/ohcah_cmgb_000003106_6.jpg","Bella"
"pack_1/17/ohcah_cmgb_000003106_7.jpg","cubana"
"pack_1/17/ohcah_cmgb_000003106_8.jpg","tambien"
"pack_1/17/ohcah_cmgb_000003106_9.jpg","sin"
"pack_1/17/ohcah_cmgb_000003106_10.jpg","fecha"
"pack_1/17/ohcah_cmgb_000003106_11.jpg","tu"
"pack_1/17/ohcah_cmgb_000003106_12.jpg","segunda"
"pack_1/17/ohcah_cmgb_000003106_13.jpg","carta"
"pack_1/17/ohcah_cmgb_000003106_14.jpg","como"
"pack_1/17/ohcah_cmgb_000003106_15.jpg","la pri"
"pack_1/17/ohcah_cmgb_000003106_16.jpg","mera"
"pack_1/17/ohcah_cmgb_000003106_17.jpg","ha "
"pack_1/17/ohcah_cmgb_000003106_18.jpg","venido"
"pack_1/17/ohcah_cmgb_000003106_19.jpg","hoy"
"pack_1/17/ohcah_cmgb_000003106_20.jpg","a"
"pack_1/17/ohcah_cmgb_000003106_21.jpg","mis"
"pack_1/17/ohcah_cmgb_000003106_22.jpg","manos"
"pack_1/17/ohcah_cmgb_000003106_23.jpg","De"
"pack_1/17/ohcah_cmgb_000003106_24.jpg","aquella"
"pack_1/17/ohcah_cmgb_000003106_25.jpg","la"
"pack_1/17/ohcah_cmgb_000003106_26.jpg","contestacion"
"pack_1/17/ohcah_cmgb_000003106_27.jpg","la"
"pack_1/17/ohcah_cmgb_000003106_28.jpg","llevo"
"pack_1/17/ohcah_cmgb_000003106_29.jpg","tu"
"pack_1/17/ohcah_cmgb_000003106_30.jpg","decidido"
"pack_1/17/ohcah_cmgb_000003106_31.jpg","pretendiente"
"pack_1/17/ohcah_cmgb_000003106_32.jpg","Cardenas"
"pack_1/17/ohcah_cmgb_000003106_33.jpg","Que"
"pack_1/17/ohcah_cmgb_000003106_34.jpg","feliz"
"pack_1/17/ohcah_cmgb_000003106_35.jpg","Espero"
"pack_1/17/ohcah_cmgb_000003106_36.jpg","como"
"pack_1/17/ohcah_cmgb_000003106_37.jpg","premio de"
"pack_1/17/ohcah_cmgb_000003106_38.jpg","de"
"pack_1/17/ohcah_cmgb_000003106_39.jpg","tu"
"pack_1/17/ohcah_cmgb_000003106_40.jpg","memoria"
"pack_1/17/ohcah_cmgb_000003106_41.jpg","el"
"pack_1/17/ohcah_cmgb_000003106_42.jpg","papel"
"pack_1/17/ohcah_cmgb_000003106_43.jpg","de"
"pack_1/17/ohcah_cmgb_000003106_44.jpg","luto"
"pack_1/17/ohcah_cmgb_000003106_45.jpg","que"
"pack_1/17/ohcah_cmgb_000003106_46.jpg","me"
"pack_1/17/ohcah_cmgb_000003106_47.jpg","has"
"pack_1/17/ohcah_cmgb_000003106_48.jpg","ofrecido"
"pack_1/17/ohcah_cmgb_000003106_49.jpg","y"
"pack_1/17/ohcah_cmgb_000003106_50.jpg","te"
"pack_1/17/ohcah_cmgb_000003106_51.jpg","advierto"
"pack_1/17/ohcah_cmgb_000003106_52.jpg","que "
"pack_1/17/ohcah_cmgb_000003106_53.jpg","soy "
"pack_1/17/ohcah_cmgb_000003106_54.jpg","petu "
"pack_1/17/ohcah_cmgb_000003106_55.jpg","lante"
"pack_1/17/ohcah_cmgb_000003106_56.jpg","como"
"pack_1/17/ohcah_cmgb_000003106_57.jpg","los"
"pack_1/17/ohcah_cmgb_000003106_58.jpg","niños"
"pack_1/17/ohcah_cmgb_000003106_59.jpg","cuando"
"pack_1/17/ohcah_cmgb_000003106_60.jpg","se"
"pack_1/17/ohcah_cmgb_000003106_61.jpg","les"
"pack_1/17/ohcah_cmgb_000003106_62.jpg","ofrece "
"pack_1/17/ohcah_cmgb_000003106_63.jpg","y "
"pack_1/17/ohcah_cmgb_000003106_64.jpg","espero"
"pack_1/17/ohcah_cmgb_000003106_65.jpg","tambien"
"pack_1/17/ohcah_cmgb_000003106_66.jpg","remi"
"pack_1/17/ohcah_cmgb_000003106_67.jpg","sion"
"pack_1/17/ohcah_cmgb_000003106_68.jpg","de"
"pack_1/17/ohcah_cmgb_000003106_69.jpg","los"
"pack_1/17/ohcah_cmgb_000003106_70.jpg","papiñelos"
"pack_1/17/ohcah_cmgb_000003106_71.jpg","que "
"pack_1/17/ohcah_cmgb_000003107_0.jpg","me"
"pack_1/17/ohcah_cmgb_000003107_1.jpg","obsequia"
"pack_1/17/ohcah_cmgb_000003107_2.jpg","la"
"pack_1/17/ohcah_cmgb_000003107_3.jpg","Sra"
"pack_1/17/ohcah_cmgb_000003107_4.jpg","Anais"
"pack_1/17/ohcah_cmgb_000003107_5.jpg","vamiyand"
"pack_1/17/ohcah_cmgb_000003107_6.jpg","mas"
"pack_1/17/ohcah_cmgb_000003107_7.jpg","deudas"
"pack_1/17/ohcah_cmgb_000003107_8.jpg","dedicadas"
"pack_1/17/ohcah_cmgb_000003107_9.jpg","que"
"pack_1/17/ohcah_cmgb_000003107_10.jpg","pagar"
"pack_1/17/ohcah_cmgb_000003107_11.jpg","vienen"
"pack_1/17/ohcah_cmgb_000003107_12.jpg","a"
"pack_1/17/ohcah_cmgb_000003107_13.jpg","ser"
"pack_1/17/ohcah_cmgb_000003107_14.jpg","todas"
"pack_1/17/ohcah_cmgb_000003107_15.jpg","estas"
"pack_1/17/ohcah_cmgb_000003107_16.jpg","cosas"
"pack_1/17/ohcah_cmgb_000003107_17.jpg","aun"
"pack_1/17/ohcah_cmgb_000003107_18.jpg","que"
"pack_1/17/ohcah_cmgb_000003107_19.jpg","no"
"pack_1/17/ohcah_cmgb_000003107_20.jpg","tanto"
"pack_1/17/ohcah_cmgb_000003107_21.jpg","cuando"
"pack_1/17/ohcah_cmgb_000003107_22.jpg","pien"
"pack_1/17/ohcah_cmgb_000003107_23.jpg","so"
"pack_1/17/ohcah_cmgb_000003107_24.jpg","que"
"pack_1/17/ohcah_cmgb_000003107_25.jpg","mi"
"pack_1/17/ohcah_cmgb_000003107_26.jpg","alma"
"pack_1/17/ohcah_cmgb_000003107_27.jpg","siente"
"pack_1/17/ohcah_cmgb_000003107_28.jpg","por"
"pack_1/17/ohcah_cmgb_000003107_29.jpg","todas"
"pack_1/17/ohcah_cmgb_000003107_30.jpg","las"
"pack_1/17/ohcah_cmgb_000003107_31.jpg","mugeres"
"pack_1/17/ohcah_cmgb_000003107_32.jpg","un"
"pack_1/17/ohcah_cmgb_000003107_33.jpg","amor"
"pack_1/17/ohcah_cmgb_000003107_34.jpg","inmenso"
"pack_1/17/ohcah_cmgb_000003107_35.jpg","pero"
"pack_1/17/ohcah_cmgb_000003107_36.jpg","mas"
"pack_1/17/ohcah_cmgb_000003107_37.jpg","vale"
"pack_1/17/ohcah_cmgb_000003107_38.jpg","no"
"pack_1/17/ohcah_cmgb_000003107_39.jpg","continuar"
"pack_1/17/ohcah_cmgb_000003107_40.jpg","guarda"
"pack_1/17/ohcah_cmgb_000003107_41.jpg","silencio"
"pack_1/17/ohcah_cmgb_000003107_42.jpg","corazon"
"pack_1/17/ohcah_cmgb_000003107_43.jpg","mio"
"pack_1/17/ohcah_cmgb_000003107_44.jpg","Recibido"
"pack_1/17/ohcah_cmgb_000003107_45.jpg","el"
"pack_1/17/ohcah_cmgb_000003107_46.jpg","recibo"
"pack_1/17/ohcah_cmgb_000003107_47.jpg","que"
"pack_1/17/ohcah_cmgb_000003107_48.jpg","en"
"pack_1/17/ohcah_cmgb_000003107_49.jpg","via"
"pack_1/17/ohcah_cmgb_000003107_50.jpg","Collazo"
"pack_1/17/ohcah_cmgb_000003107_51.jpg","del"
"pack_1/17/ohcah_cmgb_000003107_52.jpg","Club"
"pack_1/17/ohcah_cmgb_000003107_53.jpg","Hrco"
"pack_1/17/ohcah_cmgb_000003107_54.jpg","Gomez"
"pack_1/17/ohcah_cmgb_000003107_55.jpg","Pues"
"pack_1/17/ohcah_cmgb_000003107_56.jpg","como"
"pack_1/17/ohcah_cmgb_000003107_57.jpg","no"
"pack_1/17/ohcah_cmgb_000003107_58.jpg","serme "
"pack_1/17/ohcah_cmgb_000003107_59.jpg","gratisimas"
"pack_1/17/ohcah_cmgb_000003107_60.jpg","todas"
"pack_1/17/ohcah_cmgb_000003107_61.jpg","es"
"pack_1/17/ohcah_cmgb_000003107_62.jpg","tas"
"pack_1/17/ohcah_cmgb_000003107_63.jpg","cosas "
"pack_1/17/ohcah_cmgb_000003107_64.jpg","tambien"
"pack_1/17/ohcah_cmgb_000003107_65.jpg","me"
"pack_1/17/ohcah_cmgb_000003107_66.jpg","entrego"
"pack_1/17/ohcah_cmgb_000003107_67.jpg","Toms"
"pack_1/17/ohcah_cmgb_000003107_68.jpg","cuatro"
"pack_1/17/ohcah_cmgb_000003107_69.jpg","retratos"
"pack_1/17/ohcah_cmgb_000003107_70.jpg","de"
"pack_1/17/ohcah_cmgb_000003107_71.jpg","Gonzales"
"pack_1/17/ohcah_cmgb_000003107_72.jpg","una"
"pack_1/17/ohcah_cmgb_000003107_73.jpg","botellita"
"pack_1/17/ohcah_cmgb_000003107_74.jpg","de"
"pack_1/17/ohcah_cmgb_000003107_75.jpg","licor"
"pack_1/17/ohcah_cmgb_000003107_76.jpg","fino"
"pack_1/17/ohcah_cmgb_000003107_77.jpg","como"
"pack_1/17/ohcah_cmgb_000003107_78.jpg","cosa"
"pack_1/17/ohcah_cmgb_000003107_79.jpg","venida"
"pack_1/17/ohcah_cmgb_000003107_80.jpg","de"
"pack_1/17/ohcah_cmgb_000003107_81.jpg","ti"
"pack_1/17/ohcah_cmgb_000003107_82.jpg","no"
"pack_1/17/ohcah_cmgb_000003107_83.jpg","he"
"pack_1/17/ohcah_cmgb_000003107_84.jpg","querido"
"pack_1/17/ohcah_cmgb_000003107_85.jpg","tocarla"
"pack_1/17/ohcah_cmgb_000003107_86.jpg","y"
"pack_1/17/ohcah_cmgb_000003107_87.jpg","sirve"
"pack_1/17/ohcah_cmgb_000003107_88.jpg","de"
"pack_1/17/ohcah_cmgb_000003107_89.jpg","adorno"
"pack_1/17/ohcah_cmgb_000003107_90.jpg","en"
"pack_1/17/ohcah_cmgb_000003107_91.jpg","mi"
"pack_1/17/ohcah_cmgb_000003108_0.jpg","escritorio"
"pack_1/17/ohcah_cmgb_000003108_1.jpg","Cosas "
"pack_1/17/ohcah_cmgb_000003108_2.jpg","de"
"pack_1/17/ohcah_cmgb_000003108_3.jpg","niño"
"pack_1/17/ohcah_cmgb_000003108_4.jpg","po"
"pack_1/17/ohcah_cmgb_000003108_5.jpg","en"
"pack_1/17/ohcah_cmgb_000003108_6.jpg","esas"
"pack_1/17/ohcah_cmgb_000003108_7.jpg","tonterias"
"pack_1/17/ohcah_cmgb_000003108_8.jpg","venimos"
"pack_1/17/ohcah_cmgb_000003108_9.jpg","a"
"pack_1/17/ohcah_cmgb_000003108_10.jpg","pasar"
"pack_1/17/ohcah_cmgb_000003108_11.jpg","regularmente"
"pack_1/17/ohcah_cmgb_000003108_12.jpg","los"
"pack_1/17/ohcah_cmgb_000003108_13.jpg","que"
"pack_1/17/ohcah_cmgb_000003108_14.jpg","hemos"
"pack_1/17/ohcah_cmgb_000003108_15.jpg","combatido"
"pack_1/17/ohcah_cmgb_000003108_16.jpg","largos"
"pack_1/17/ohcah_cmgb_000003108_17.jpg","años"
"pack_1/17/ohcah_cmgb_000003108_18.jpg","Conoci"
"pack_1/17/ohcah_cmgb_000003108_19.jpg","un"
"pack_1/17/ohcah_cmgb_000003108_20.jpg","viejo"
"pack_1/17/ohcah_cmgb_000003108_21.jpg","Ami"
"pack_1/17/ohcah_cmgb_000003108_22.jpg","go"
"pack_1/17/ohcah_cmgb_000003108_23.jpg","mio"
"pack_1/17/ohcah_cmgb_000003108_24.jpg","que "
"pack_1/17/ohcah_cmgb_000003108_25.jpg","le"
"pack_1/17/ohcah_cmgb_000003108_26.jpg","dio "
"pack_1/17/ohcah_cmgb_000003108_27.jpg","por"
"pack_1/17/ohcah_cmgb_000003108_28.jpg","ocu"
"pack_1/17/ohcah_cmgb_000003108_29.jpg","parse"
"pack_1/17/ohcah_cmgb_000003108_30.jpg","de"
"pack_1/17/ohcah_cmgb_000003108_31.jpg","un"
"pack_1/17/ohcah_cmgb_000003108_32.jpg","gato"
"pack_1/17/ohcah_cmgb_000003108_33.jpg","cuan"
"pack_1/17/ohcah_cmgb_000003108_34.jpg","la"
"pack_1/17/ohcah_cmgb_000003108_35.jpg","do"
"pack_1/17/ohcah_cmgb_000003108_36.jpg","un"
"pack_1/17/ohcah_cmgb_000003108_37.jpg","dia"
"pack_1/17/ohcah_cmgb_000003108_38.jpg","le"
"pack_1/17/ohcah_cmgb_000003108_39.jpg","entro"
"pack_1/17/ohcah_cmgb_000003108_40.jpg","bento"
"pack_1/17/ohcah_cmgb_000003108_41.jpg","lera"
"pack_1/17/ohcah_cmgb_000003108_42.jpg","de"
"pack_1/17/ohcah_cmgb_000003108_43.jpg","casarse"
"pack_1/17/ohcah_cmgb_000003108_44.jpg","la"
"pack_1/17/ohcah_cmgb_000003108_45.jpg","mucha"
"pack_1/17/ohcah_cmgb_000003108_46.jpg","cha"
"pack_1/17/ohcah_cmgb_000003108_47.jpg","talentosa"
"pack_1/17/ohcah_cmgb_000003108_48.jpg","habil"
"pack_1/17/ohcah_cmgb_000003108_49.jpg","no"
"pack_1/17/ohcah_cmgb_000003108_50.jpg","quiso"
"pack_1/17/ohcah_cmgb_000003108_51.jpg","celebrar"
"pack_1/17/ohcah_cmgb_000003108_52.jpg","la"
"pack_1/17/ohcah_cmgb_000003108_53.jpg","boda"
"pack_1/17/ohcah_cmgb_000003108_54.jpg","hasta"
"pack_1/17/ohcah_cmgb_000003108_55.jpg","que"
"pack_1/17/ohcah_cmgb_000003108_56.jpg","logro"
"pack_1/17/ohcah_cmgb_000003108_57.jpg","supri"
"pack_1/17/ohcah_cmgb_000003108_58.jpg","mir"
"pack_1/17/ohcah_cmgb_000003108_59.jpg","el"
"pack_1/17/ohcah_cmgb_000003108_60.jpg","pobre"
"pack_1/17/ohcah_cmgb_000003108_61.jpg","gato"
"pack_1/17/ohcah_cmgb_000003108_62.jpg","que "
"pack_1/17/ohcah_cmgb_000003108_63.jpg","consideraba"
"pack_1/17/ohcah_cmgb_000003108_64.jpg","su"
"pack_1/17/ohcah_cmgb_000003108_65.jpg","rival"
"pack_1/17/ohcah_cmgb_000003108_66.jpg","Lamento"
"pack_1/17/ohcah_cmgb_000003108_67.jpg","no"
"pack_1/17/ohcah_cmgb_000003108_68.jpg","pudistes"
"pack_1/17/ohcah_cmgb_000003108_69.jpg","co"
"pack_1/17/ohcah_cmgb_000003108_70.jpg","nocer"
"pack_1/17/ohcah_cmgb_000003108_71.jpg","al"
"pack_1/17/ohcah_cmgb_000003108_72.jpg","almirante"
"pack_1/17/ohcah_cmgb_000003108_73.jpg","Sam"
"pack_1/17/ohcah_cmgb_000003108_74.jpg","pson"
"pack_1/17/ohcah_cmgb_000003108_75.jpg","disen"
"pack_1/17/ohcah_cmgb_000003108_76.jpg","que"
"pack_1/17/ohcah_cmgb_000003108_77.jpg","un"
"pack_1/17/ohcah_cmgb_000003108_78.jpg","hombre"
"pack_1/17/ohcah_cmgb_000003108_79.jpg","muy"
"pack_1/17/ohcah_cmgb_000003108_80.jpg","tieso"
"pack_1/17/ohcah_cmgb_000003108_81.jpg","serio"
"pack_1/17/ohcah_cmgb_000003108_82.jpg","como"
"pack_1/17/ohcah_cmgb_000003108_83.jpg","el"
"pack_1/17/ohcah_cmgb_000003108_84.jpg","mar"
"pack_1/17/ohcah_cmgb_000003108_85.jpg","que"
"pack_1/17/ohcah_cmgb_000003108_86.jpg","nadie"
"pack_1/17/ohcah_cmgb_000003108_87.jpg","lo"
"pack_1/17/ohcah_cmgb_000003108_88.jpg","ha "
"pack_1/17/ohcah_cmgb_000003108_89.jpg","visto"
"pack_1/17/ohcah_cmgb_000003108_90.jpg","reirse"
"pack_1/17/ohcah_cmgb_000003108_91.jpg","un"
"pack_1/17/ohcah_cmgb_000003108_92.jpg","dia"
"pack_1/17/ohcah_cmgb_000003108_93.jpg","de"
"pack_1/17/ohcah_cmgb_000003108_94.jpg","lo"
"pack_1/17/ohcah_cmgb_000003108_95.jpg","que"
"pack_1/17/ohcah_cmgb_000003108_96.jpg","dedusco"
"pack_1/17/ohcah_cmgb_000003108_97.jpg","que"
"pack_1/17/ohcah_cmgb_000003108_98.jpg","su"
"pack_1/17/ohcah_cmgb_000003108_99.jpg","muger"
"pack_1/17/ohcah_cmgb_000003108_100.jpg","debe"
"pack_1/17/ohcah_cmgb_000003108_101.jpg","encontrar"
"pack_1/17/ohcah_cmgb_000003109_0.jpg","lo"
"pack_1/17/ohcah_cmgb_000003109_1.jpg","hermoso"
"pack_1/17/ohcah_cmgb_000003109_2.jpg","cuando"
"pack_1/17/ohcah_cmgb_000003109_3.jpg","el"
"pack_1/17/ohcah_cmgb_000003109_4.jpg","se"
"pack_1/17/ohcah_cmgb_000003109_5.jpg","le"
"pack_1/17/ohcah_cmgb_000003109_6.jpg","antoje"
"pack_1/17/ohcah_cmgb_000003109_7.jpg","prodigarle"
"pack_1/17/ohcah_cmgb_000003109_8.jpg","caricia"
"pack_1/17/ohcah_cmgb_000003109_9.jpg","una"
"pack_1/17/ohcah_cmgb_000003109_10.jpg","Muchacha"
"pack_1/17/ohcah_cmgb_000003109_11.jpg","con"
"pack_1/17/ohcah_cmgb_000003109_12.jpg","que"
"pack_1/17/ohcah_cmgb_000003109_13.jpg","tu"
"pack_1/17/ohcah_cmgb_000003109_14.jpg","has"
"pack_1/17/ohcah_cmgb_000003109_15.jpg","seguido"
"pack_1/17/ohcah_cmgb_000003109_16.jpg","hacien"
"pack_1/17/ohcah_cmgb_000003109_17.jpg","do"
"pack_1/17/ohcah_cmgb_000003109_18.jpg","fuego"
"pack_1/17/ohcah_cmgb_000003109_19.jpg","la"
"pack_1/17/ohcah_cmgb_000003109_20.jpg","Habana"
"pack_1/17/ohcah_cmgb_000003109_21.jpg","Que"
"pack_1/17/ohcah_cmgb_000003109_22.jpg","caliente "
"pack_1/17/ohcah_cmgb_000003109_23.jpg","estara"
"pack_1/17/ohcah_cmgb_000003109_24.jpg","el "
"pack_1/17/ohcah_cmgb_000003109_25.jpg","gallego"
"pack_1/17/ohcah_cmgb_000003109_26.jpg","del"
"pack_1/17/ohcah_cmgb_000003109_27.jpg","frente"
"pack_1/17/ohcah_cmgb_000003109_28.jpg","avisa"
"pack_1/17/ohcah_cmgb_000003109_29.jpg","me"
"pack_1/17/ohcah_cmgb_000003109_30.jpg","si"
"pack_1/17/ohcah_cmgb_000003109_31.jpg","te"
"pack_1/17/ohcah_cmgb_000003109_32.jpg","falta"
"pack_1/17/ohcah_cmgb_000003109_33.jpg","al"
"pack_1/17/ohcah_cmgb_000003109_34.jpg","respeto"
"pack_1/17/ohcah_cmgb_000003109_35.jpg","pues"
"pack_1/17/ohcah_cmgb_000003109_36.jpg","solo"
"pack_1/17/ohcah_cmgb_000003109_37.jpg","asi"
"pack_1/17/ohcah_cmgb_000003109_38.jpg","emprendo"
"pack_1/17/ohcah_cmgb_000003109_39.jpg","mar"
"pack_1/17/ohcah_cmgb_000003109_40.jpg","cha"
"pack_1/17/ohcah_cmgb_000003109_41.jpg","para"
"pack_1/17/ohcah_cmgb_000003109_42.jpg","la"
"pack_1/17/ohcah_cmgb_000003109_43.jpg","Habana a"
"pack_1/17/ohcah_cmgb_000003109_44.jpg","cas"
"pack_1/17/ohcah_cmgb_000003109_45.jpg","tigar"
"pack_1/17/ohcah_cmgb_000003109_46.jpg","la"
"pack_1/17/ohcah_cmgb_000003109_47.jpg","insolencia"
"pack_1/17/ohcah_cmgb_000003109_48.jpg","Retorno"
"pack_1/17/ohcah_cmgb_000003109_49.jpg","sus"
"pack_1/17/ohcah_cmgb_000003109_50.jpg","cariños"
"pack_1/17/ohcah_cmgb_000003109_51.jpg","a"
"pack_1/17/ohcah_cmgb_000003109_52.jpg","tu"
"pack_1/17/ohcah_cmgb_000003109_53.jpg","Mama"
"pack_1/17/ohcah_cmgb_000003109_54.jpg","para"
"pack_1/17/ohcah_cmgb_000003109_55.jpg","la "
"pack_1/17/ohcah_cmgb_000003109_56.jpg","que "
"pack_1/17/ohcah_cmgb_000003109_57.jpg","deseo"
"pack_1/17/ohcah_cmgb_000003109_58.jpg","dila"
"pack_1/17/ohcah_cmgb_000003109_59.jpg","asi"
"pack_1/17/ohcah_cmgb_000003109_60.jpg","la"
"pack_1/17/ohcah_cmgb_000003109_61.jpg","oca"
"pack_1/17/ohcah_cmgb_000003109_62.jpg","de"
"pack_1/17/ohcah_cmgb_000003109_63.jpg","cien"
"pack_1/17/ohcah_cmgb_000003109_64.jpg","que"
"pack_1/17/ohcah_cmgb_000003109_65.jpg","ella"
"pack_1/17/ohcah_cmgb_000003109_66.jpg","pueda"
"pack_1/17/ohcah_cmgb_000003109_67.jpg","practicar"
"pack_1/17/ohcah_cmgb_000003109_68.jpg","por"
"pack_1/17/ohcah_cmgb_000003109_69.jpg","la"
"pack_1/17/ohcah_cmgb_000003109_70.jpg","parte"
"pack_1/17/ohcah_cmgb_000003109_71.jpg","que"
"pack_1/17/ohcah_cmgb_000003109_72.jpg","me"
"pack_1/17/ohcah_cmgb_000003109_73.jpg","tocara"
"pack_1/17/ohcah_cmgb_000003109_74.jpg","a"
"pack_1/17/ohcah_cmgb_000003109_75.jpg","mi"
"pack_1/17/ohcah_cmgb_000003109_76.jpg","sus"
"pack_1/17/ohcah_cmgb_000003109_77.jpg","conocimientos"
"pack_1/17/ohcah_cmgb_000003109_78.jpg","culinarios"
"pack_1/17/ohcah_cmgb_000003109_79.jpg","en"
"pack_1/17/ohcah_cmgb_000003109_80.jpg","los"
"pack_1/17/ohcah_cmgb_000003109_81.jpg","calamares"
"pack_1/17/ohcah_cmgb_000003109_82.jpg","con"
"pack_1/17/ohcah_cmgb_000003109_83.jpg","el"
"pack_1/17/ohcah_cmgb_000003109_84.jpg","arros"
"pack_1/17/ohcah_cmgb_000003109_85.jpg","la"
"pack_1/17/ohcah_cmgb_000003109_86.jpg","leche"
"pack_1/17/ohcah_cmgb_000003109_87.jpg","arros"
"pack_1/17/ohcah_cmgb_000003109_88.jpg","canela"
"pack_1/17/ohcah_cmgb_000003109_89.jpg","El"
"pack_1/17/ohcah_cmgb_000003109_90.jpg","arros"
"pack_1/17/ohcah_cmgb_000003109_91.jpg","con"
"pack_1/17/ohcah_cmgb_000003109_92.jpg","leche"
"pack_1/17/ohcah_cmgb_000003110_0.jpg","de "
"pack_1/17/ohcah_cmgb_000003110_1.jpg","mi "
"pack_1/17/ohcah_cmgb_000003110_2.jpg","Pueblo"
"pack_1/17/ohcah_cmgb_000003110_3.jpg","de"
"pack_1/17/ohcah_cmgb_000003110_4.jpg","las"
"pack_1/17/ohcah_cmgb_000003110_5.jpg","mucha"
"pack_1/17/ohcah_cmgb_000003110_6.jpg","chas"
"pack_1/17/ohcah_cmgb_000003110_7.jpg","bonitas"
"pack_1/17/ohcah_cmgb_000003110_8.jpg","olientes"
"pack_1/17/ohcah_cmgb_000003110_9.jpg","a"
"pack_1/17/ohcah_cmgb_000003110_10.jpg","jasmin"
"pack_1/17/ohcah_cmgb_000003110_11.jpg","de"
"pack_1/17/ohcah_cmgb_000003110_12.jpg","noche"
"pack_1/17/ohcah_cmgb_000003110_13.jpg","Aqui"
"pack_1/17/ohcah_cmgb_000003110_14.jpg","nadie"
"pack_1/17/ohcah_cmgb_000003110_15.jpg","te"
"pack_1/17/ohcah_cmgb_000003110_16.jpg","olvida"
"pack_1/17/ohcah_cmgb_000003110_17.jpg","eso"
"pack_1/17/ohcah_cmgb_000003110_18.jpg","no"
"pack_1/17/ohcah_cmgb_000003110_19.jpg","cabe"
"pack_1/17/ohcah_cmgb_000003110_20.jpg","en"
"pack_1/17/ohcah_cmgb_000003110_21.jpg","lo"
"pack_1/17/ohcah_cmgb_000003110_22.jpg","humano"
"pack_1/17/ohcah_cmgb_000003110_23.jpg","mi"
"pack_1/17/ohcah_cmgb_000003110_24.jpg","Gillo"
"pack_1/17/ohcah_cmgb_000003110_25.jpg","lloron"
"pack_1/17/ohcah_cmgb_000003110_26.jpg","Lue"
"pack_1/17/ohcah_cmgb_000003110_27.jpg","go"
"pack_1/17/ohcah_cmgb_000003110_28.jpg","me"
"pack_1/17/ohcah_cmgb_000003110_29.jpg","han"
"pack_1/17/ohcah_cmgb_000003110_30.jpg","hecho"
"pack_1/17/ohcah_cmgb_000003110_31.jpg","esta"
"pack_1/17/ohcah_cmgb_000003110_32.jpg","pre"
"pack_1/17/ohcah_cmgb_000003110_33.jpg","gunta"
"pack_1/17/ohcah_cmgb_000003110_34.jpg","?"
"pack_1/17/ohcah_cmgb_000003110_35.jpg","La"
"pack_1/17/ohcah_cmgb_000003110_36.jpg","Señorita"
"pack_1/17/ohcah_cmgb_000003110_37.jpg","no"
"pack_1/17/ohcah_cmgb_000003110_38.jpg","volvera"
"pack_1/17/ohcah_cmgb_000003110_39.jpg","No"
"pack_1/17/ohcah_cmgb_000003110_40.jpg","les"
"pack_1/17/ohcah_cmgb_000003110_41.jpg","he"
"pack_1/17/ohcah_cmgb_000003110_42.jpg","con"
"pack_1/17/ohcah_cmgb_000003110_43.jpg","testado"
"pack_1/17/ohcah_cmgb_000003110_44.jpg","no"
"pack_1/17/ohcah_cmgb_000003110_45.jpg","hai"
"pack_1/17/ohcah_cmgb_000003110_46.jpg","que"
"pack_1/17/ohcah_cmgb_000003110_47.jpg","pen"
"pack_1/17/ohcah_cmgb_000003110_48.jpg","en"
"pack_1/17/ohcah_cmgb_000003110_49.jpg","eso"
"pack_1/17/ohcah_cmgb_000003110_50.jpg","pues"
"pack_1/17/ohcah_cmgb_000003110_51.jpg","a"
"pack_1/17/ohcah_cmgb_000003110_52.jpg","este"
"pack_1/17/ohcah_cmgb_000003110_53.jpg","purgatorio"
"pack_1/17/ohcah_cmgb_000003110_54.jpg","no"
"pack_1/17/ohcah_cmgb_000003110_55.jpg","bajan"
"pack_1/17/ohcah_cmgb_000003110_56.jpg","los"
"pack_1/17/ohcah_cmgb_000003110_57.jpg","angeles"
"pack_1/17/ohcah_cmgb_000003110_58.jpg","si"
"pack_1/17/ohcah_cmgb_000003110_59.jpg","acaso"
"pack_1/17/ohcah_cmgb_000003110_60.jpg","una"
"pack_1/17/ohcah_cmgb_000003110_61.jpg","y"
"pack_1/17/ohcah_cmgb_000003110_62.jpg","a"
"pack_1/17/ohcah_cmgb_000003110_63.jpg","nosotros"
"pack_1/17/ohcah_cmgb_000003110_64.jpg","no"
"pack_1/17/ohcah_cmgb_000003110_65.jpg","nos"
"pack_1/17/ohcah_cmgb_000003110_66.jpg","que"
"pack_1/17/ohcah_cmgb_000003110_67.jpg","da"
"pack_1/17/ohcah_cmgb_000003110_68.jpg","mas"
"pack_1/17/ohcah_cmgb_000003110_69.jpg","remedio"
"pack_1/17/ohcah_cmgb_000003110_70.jpg","que"
"pack_1/17/ohcah_cmgb_000003110_71.jpg","ha"
"pack_1/17/ohcah_cmgb_000003110_72.jpg","cer"
"pack_1/17/ohcah_cmgb_000003110_73.jpg","como"
"pack_1/17/ohcah_cmgb_000003110_74.jpg","los"
"pack_1/17/ohcah_cmgb_000003110_75.jpg","tontos"
"pack_1/17/ohcah_cmgb_000003110_76.jpg","de"
"pack_1/17/ohcah_cmgb_000003110_77.jpg","poco"
"pack_1/17/ohcah_cmgb_000003110_78.jpg","genio"
"pack_1/17/ohcah_cmgb_000003110_79.jpg","no"
"pack_1/17/ohcah_cmgb_000003110_80.jpg","har"
"pack_1/17/ohcah_cmgb_000003110_81.jpg","contra"
"pack_1/17/ohcah_cmgb_000003110_82.jpg","el"
"pack_1/17/ohcah_cmgb_000003110_83.jpg","destino"
"pack_1/17/ohcah_cmgb_000003110_84.jpg","resignar"
"pack_1/17/ohcah_cmgb_000003110_85.jpg","nos"
"pack_1/17/ohcah_cmgb_000003110_86.jpg","no"
"pack_1/17/ohcah_cmgb_000003110_87.jpg","luchar"
"pack_1/17/ohcah_cmgb_000003110_88.jpg","con"
"pack_1/17/ohcah_cmgb_000003111_0.jpg","formamos"
"pack_1/17/ohcah_cmgb_000003111_1.jpg","con"
"pack_1/17/ohcah_cmgb_000003111_2.jpg","nuestra"
"pack_1/17/ohcah_cmgb_000003111_3.jpg","suer"
"pack_1/17/ohcah_cmgb_000003111_4.jpg","te"
"pack_1/17/ohcah_cmgb_000003111_5.jpg","pegarse"
"pack_1/17/ohcah_cmgb_000003111_6.jpg","un"
"pack_1/17/ohcah_cmgb_000003111_7.jpg","No"
"pack_1/17/ohcah_cmgb_000003111_8.jpg","te"
"pack_1/17/ohcah_cmgb_000003111_9.jpg","rias"
"pack_1/17/ohcah_cmgb_000003111_10.jpg","Voy"
"pack_1/17/ohcah_cmgb_000003111_11.jpg","a"
"pack_1/17/ohcah_cmgb_000003111_12.jpg","concluir"
"pack_1/17/ohcah_cmgb_000003111_13.jpg","me"
"pack_1/17/ohcah_cmgb_000003111_14.jpg","ha"
"pack_1/17/ohcah_cmgb_000003111_15.jpg","ces"
"pack_1/17/ohcah_cmgb_000003111_16.jpg","escribir"
"pack_1/17/ohcah_cmgb_000003111_17.jpg","tonterias"
"pack_1/17/ohcah_cmgb_000003111_18.jpg","Has"
"pack_1/17/ohcah_cmgb_000003111_19.jpg","que "
"pack_1/17/ohcah_cmgb_000003111_20.jpg","tus"
"pack_1/17/ohcah_cmgb_000003111_21.jpg","amigas"
"pack_1/17/ohcah_cmgb_000003111_22.jpg","me "
"pack_1/17/ohcah_cmgb_000003111_23.jpg","quieran"
"pack_1/17/ohcah_cmgb_000003111_24.jpg","yo"
"pack_1/17/ohcah_cmgb_000003111_25.jpg","estare"
"pack_1/17/ohcah_cmgb_000003111_26.jpg","muy"
"pack_1/17/ohcah_cmgb_000003111_27.jpg","contento si"
"pack_1/17/ohcah_cmgb_000003111_28.jpg","que"
"pack_1/17/ohcah_cmgb_000003111_29.jpg","tu"
"pack_1/17/ohcah_cmgb_000003111_30.jpg","lo"
"pack_1/17/ohcah_cmgb_000003111_31.jpg","estas"
"pack_1/17/ohcah_cmgb_000003111_32.jpg","rodeadas"
"pack_1/17/ohcah_cmgb_000003111_33.jpg","de"
"pack_1/17/ohcah_cmgb_000003111_34.jpg","todas"
"pack_1/17/ohcah_cmgb_000003111_35.jpg","ellas"
"pack_1/17/ohcah_cmgb_000003111_36.jpg","tu"
"pack_1/17/ohcah_cmgb_000003111_37.jpg","humilde"
"pack_1/17/ohcah_cmgb_000003111_38.jpg","Amo"
"pack_1/17/ohcah_cmgb_000003111_39.jpg","Mpp"
"pack_1/17/ohcah_cmgb_000003111_40.jpg","M"
"pack_1/17/ohcah_cmgb_000003111_41.jpg","Gomez"
"pack_1/17/ohcah_cmgb_000003111_42.jpg","Son"
"pack_1/17/ohcah_cmgb_000003111_43.jpg","las"
"pack_1/17/ohcah_cmgb_000003111_44.jpg","12"
"pack_1/17/ohcah_cmgb_000003111_45.jpg","noche"
"pack_1/17/ohcah_cmgb_000003111_46.jpg","tarde"
"pack_1/17/ohcah_cmgb_000003111_47.jpg","ha"
"pack_1/17/ohcah_cmgb_000003111_48.jpg","llegado"
"pack_1/17/ohcah_cmgb_000003111_49.jpg","Emilia"
"pack_1/17/ohcah_cmgb_000003111_50.jpg","Cordoba"
"pack_1/17/ohcah_cmgb_000003111_51.jpg","Ella"
"pack_1/17/ohcah_cmgb_000003111_52.jpg","siempre"
"pack_1/17/ohcah_cmgb_000003111_53.jpg","cariñosisima"
"pack_1/17/ohcah_cmgb_000003111_54.jpg","con"
"pack_1/17/ohcah_cmgb_000003111_55.jpg","nosotros"
"pack_1/17/ohcah_cmgb_000003111_56.jpg","No"
"pack_1/17/ohcah_cmgb_000003111_57.jpg","se"
"pack_1/17/ohcah_cmgb_000003111_58.jpg","conque"
"pack_1/17/ohcah_cmgb_000003111_59.jpg","le"
"pack_1/17/ohcah_cmgb_000003111_60.jpg","hagare"
"pack_1/17/ohcah_cmgb_000003111_61.jpg","mos"
"pack_1/17/ohcah_cmgb_000003111_62.jpg","todas "
"pack_1/17/ohcah_cmgb_000003111_63.jpg","sus"
"pack_1/17/ohcah_cmgb_000003111_64.jpg","bondades"
"pack_1/17/ohcah_cmgb_000003111_65.jpg","Gomez"
"pack_1/17/ohcah_cmgb_000003111_66.jpg","321.9"
"pack_1/17/ohcah_cmgb_000003112_0.jpg","A"
"pack_1/17/ohcah_cmgb_000003112_1.jpg","la"
"pack_1/17/ohcah_cmgb_000003112_2.jpg","Señora"
"pack_1/17/ohcah_cmgb_000003112_3.jpg","Mama"
"pack_1/17/ohcah_cmgb_000003112_4.jpg","Señoritas"
"pack_1/17/ohcah_cmgb_000003112_5.jpg","Hernandez"
"pack_1/17/ohcah_cmgb_000003112_6.jpg","Sa"
"pack_1/17/ohcah_cmgb_000003112_7.jpg","huerfana Emilia"
"pack_1/17/ohcah_cmgb_000003112_8.jpg","Emilia"
"pack_1/17/ohcah_cmgb_000003112_9.jpg","la"
"pack_1/17/ohcah_cmgb_000003112_10.jpg","desvalida"
"pack_1/17/ohcah_cmgb_000003112_11.jpg","niña"
"pack_1/17/ohcah_cmgb_000003112_12.jpg","se"
"pack_1/17/ohcah_cmgb_000003112_13.jpg","me"
"pack_1/17/ohcah_cmgb_000003112_14.jpg","ha"
"pack_1/17/ohcah_cmgb_000003112_15.jpg","presentado"
"pack_1/17/ohcah_cmgb_000003112_16.jpg","pidiendome"
"pack_1/17/ohcah_cmgb_000003112_17.jpg","amparo"
"pack_1/17/ohcah_cmgb_000003112_18.jpg","y de"
"pack_1/17/ohcah_cmgb_000003112_19.jpg","lo"
"pack_1/17/ohcah_cmgb_000003112_20.jpg","he"
"pack_1/17/ohcah_cmgb_000003112_21.jpg","ofrecido"
"pack_1/17/ohcah_cmgb_000003112_22.jpg","pero"
"pack_1/17/ohcah_cmgb_000003112_23.jpg","necesito"
"pack_1/17/ohcah_cmgb_000003112_24.jpg","que"
"pack_1/17/ohcah_cmgb_000003112_25.jpg","VV"
"pack_1/17/ohcah_cmgb_000003112_26.jpg","me "
"pack_1/17/ohcah_cmgb_000003112_27.jpg","ayuden"
"pack_1/17/ohcah_cmgb_000003112_28.jpg","hoy"
"pack_1/17/ohcah_cmgb_000003112_29.jpg","Ella"
"pack_1/17/ohcah_cmgb_000003112_30.jpg","debe"
"pack_1/17/ohcah_cmgb_000003112_31.jpg","darse"
"pack_1/17/ohcah_cmgb_000003112_32.jpg","un"
"pack_1/17/ohcah_cmgb_000003112_33.jpg","onen"
"pack_1/17/ohcah_cmgb_000003112_34.jpg","baño"
"pack_1/17/ohcah_cmgb_000003112_35.jpg","aunque"
"pack_1/17/ohcah_cmgb_000003112_36.jpg","sea"
"pack_1/17/ohcah_cmgb_000003112_37.jpg","de"
"pack_1/17/ohcah_cmgb_000003112_38.jpg","la"
"pack_1/17/ohcah_cmgb_000003112_39.jpg","ropa"
"pack_1/17/ohcah_cmgb_000003112_40.jpg","vieja"
"pack_1/17/ohcah_cmgb_000003112_41.jpg","de"
"pack_1/17/ohcah_cmgb_000003112_42.jpg","Natica"
"pack_1/17/ohcah_cmgb_000003112_43.jpg","me"
"pack_1/17/ohcah_cmgb_000003112_44.jpg","le"
"pack_1/17/ohcah_cmgb_000003112_45.jpg","hacen"
"pack_1/17/ohcah_cmgb_000003112_46.jpg","mudar"
"pack_1/17/ohcah_cmgb_000003112_47.jpg","la"
"pack_1/17/ohcah_cmgb_000003112_48.jpg","que "
"pack_1/17/ohcah_cmgb_000003112_49.jpg","lleva"
"pack_1/17/ohcah_cmgb_000003112_50.jpg","que "
"pack_1/17/ohcah_cmgb_000003112_51.jpg","le"
"pack_1/17/ohcah_cmgb_000003112_52.jpg","laben"
"pack_1/17/ohcah_cmgb_000003112_53.jpg","la"
"pack_1/17/ohcah_cmgb_000003112_54.jpg","otra"
"pack_1/17/ohcah_cmgb_000003112_55.jpg","todo"
"pack_1/17/ohcah_cmgb_000003112_56.jpg","eso"
"pack_1/17/ohcah_cmgb_000003112_57.jpg","mientras"
"pack_1/17/ohcah_cmgb_000003112_58.jpg","yo"
"pack_1/17/ohcah_cmgb_000003112_59.jpg","la"
"pack_1/17/ohcah_cmgb_000003112_60.jpg","habilite"
"pack_1/17/ohcah_cmgb_000003112_61.jpg","de"
"pack_1/17/ohcah_cmgb_000003112_62.jpg","lo"
"pack_1/17/ohcah_cmgb_000003112_63.jpg","mas"
"pack_1/17/ohcah_cmgb_000003112_64.jpg","que"
"pack_1/17/ohcah_cmgb_000003112_65.jpg","necesite"
"pack_1/17/ohcah_cmgb_000003112_66.jpg","El"
"pack_1/17/ohcah_cmgb_000003112_67.jpg","Do"
"pack_1/17/ohcah_cmgb_000003112_68.jpg","ira"
"pack_1/17/ohcah_cmgb_000003112_69.jpg","alla"
"pack_1/17/ohcah_cmgb_000003112_70.jpg","a"
"pack_1/17/ohcah_cmgb_000003112_71.jpg","verla"
"pack_1/17/ohcah_cmgb_000003112_72.jpg","y"
"pack_1/17/ohcah_cmgb_000003112_73.jpg","le"
"pack_1/17/ohcah_cmgb_000003112_74.jpg","oira"
"pack_1/17/ohcah_cmgb_000003112_75.jpg","la"
"pack_1/17/ohcah_cmgb_000003112_76.jpg","medi"
"pack_1/17/ohcah_cmgb_000003112_0.jpg","pgi"
